-- MySQL dump 10.13  Distrib 8.0.46, for Win64 (x86_64)
--
-- Host: localhost    Database: masakgramprompt
-- ------------------------------------------------------
-- Server version	8.0.46

/*!40101 SET @OLD_CHARACTER_SET_CLIENT=@@CHARACTER_SET_CLIENT */;
/*!40101 SET @OLD_CHARACTER_SET_RESULTS=@@CHARACTER_SET_RESULTS */;
/*!40101 SET @OLD_COLLATION_CONNECTION=@@COLLATION_CONNECTION */;
/*!50503 SET NAMES utf8 */;
/*!40103 SET @OLD_TIME_ZONE=@@TIME_ZONE */;
/*!40103 SET TIME_ZONE='+00:00' */;
/*!40014 SET @OLD_UNIQUE_CHECKS=@@UNIQUE_CHECKS, UNIQUE_CHECKS=0 */;
/*!40014 SET @OLD_FOREIGN_KEY_CHECKS=@@FOREIGN_KEY_CHECKS, FOREIGN_KEY_CHECKS=0 */;
/*!40101 SET @OLD_SQL_MODE=@@SQL_MODE, SQL_MODE='NO_AUTO_VALUE_ON_ZERO' */;
/*!40111 SET @OLD_SQL_NOTES=@@SQL_NOTES, SQL_NOTES=0 */;

--
-- Table structure for table `audio_file`
--

DROP TABLE IF EXISTS `audio_file`;
/*!40101 SET @saved_cs_client     = @@character_set_client */;
/*!50503 SET character_set_client = utf8mb4 */;
CREATE TABLE `audio_file` (
  `audio_id` int NOT NULL AUTO_INCREMENT,
  `reel_id` int NOT NULL COMMENT 'FK → reel.reel_id',
  `file_name` varchar(200) NOT NULL COMMENT 'Audio file name e.g. DV7uZzBE47j.mp3',
  `file_path` varchar(500) NOT NULL COMMENT 'Full path to the audio file on disk',
  `file_created_at` timestamp NULL DEFAULT NULL COMMENT 'File creation timestamp from filesystem metadata',
  `file_size_bytes` bigint DEFAULT NULL COMMENT 'Audio file size in bytes',
  `file_format` varchar(10) NOT NULL COMMENT 'Audio format e.g. mp3',
  `reel_audio_consistent` tinyint(1) DEFAULT NULL COMMENT 'True if audio matches the Instagram Reel content',
  `verified_by_matric` varchar(20) DEFAULT NULL COMMENT 'Matric number of the audio verifier',
  `verified_by_name` varchar(100) DEFAULT NULL COMMENT 'Name of the audio verifier',
  `verified_at` timestamp NULL DEFAULT NULL COMMENT 'Timestamp when audio verification was completed',
  PRIMARY KEY (`audio_id`),
  KEY `fk_audio_reel` (`reel_id`),
  CONSTRAINT `fk_audio_reel` FOREIGN KEY (`reel_id`) REFERENCES `reel` (`reel_id`) ON DELETE RESTRICT ON UPDATE CASCADE
) ENGINE=InnoDB AUTO_INCREMENT=11 DEFAULT CHARSET=utf8mb4 COLLATE=utf8mb4_0900_ai_ci COMMENT='Audio files extracted from each reel with verification records';
/*!40101 SET character_set_client = @saved_cs_client */;

--
-- Dumping data for table `audio_file`
--

LOCK TABLES `audio_file` WRITE;
/*!40000 ALTER TABLE `audio_file` DISABLE KEYS */;
INSERT INTO `audio_file` VALUES (1,1,'DNFrshpTZo-.mp3','Audio/DNFrshpTZo-.mp3',NULL,NULL,'mp3',1,'B032110001','Student 1',NULL),(2,2,'DNVfhXKzFlt.mp3','Audio/DNVfhXKzFlt.mp3',NULL,NULL,'mp3',1,'B032110001','Student 1',NULL),(3,3,'DOIjZovAPMl.mp3','Audio/DOIjZovAPMl.mp3',NULL,NULL,'mp3',1,'B032110001','Student 1',NULL),(4,4,'DQGQAzvkhxP.mp3','Audio/DQGQAzvkhxP.mp3',NULL,NULL,'mp3',1,'B032110001','Student 1',NULL),(5,5,'DRRgT7UErTr.mp3','Audio/DRRgT7UErTr.mp3',NULL,NULL,'mp3',1,'B032110001','Student 1',NULL),(6,6,'DS4wJeGEtIb.mp3','Audio/DS4wJeGEtIb.mp3',NULL,NULL,'mp3',1,'B032110001','Student 1',NULL),(7,7,'DVh1fbTE0Zp.mp3','Audio/DVh1fbTE0Zp.mp3',NULL,NULL,'mp3',1,'B032110001','Student 1',NULL),(8,8,'DVvFt6ZgBqT.mp3','Audio/DVvFt6ZgBqT.mp3',NULL,NULL,'mp3',1,'B032110001','Student 1',NULL),(9,9,'DVx6C3SkyTH.mp3','Audio/DVx6C3SkyTH.mp3',NULL,NULL,'mp3',1,'B032110001','Student 1',NULL),(10,10,'DWDWnWLAGCQ.mp3','Audio/DWDWnWLAGCQ.mp3',NULL,NULL,'mp3',1,'B032110001','Student 1',NULL);
/*!40000 ALTER TABLE `audio_file` ENABLE KEYS */;
UNLOCK TABLES;

--
-- Table structure for table `experiment`
--

DROP TABLE IF EXISTS `experiment`;
/*!40101 SET @saved_cs_client     = @@character_set_client */;
/*!50503 SET character_set_client = utf8mb4 */;
CREATE TABLE `experiment` (
  `experiment_id` int NOT NULL AUTO_INCREMENT,
  `transcript_id` int NOT NULL COMMENT 'FK → transcript.transcript_id',
  `model_id` int NOT NULL COMMENT 'FK → llm_model.model_id',
  `technique_id` int NOT NULL COMMENT 'FK → prompt_technique.technique_id',
  `rag_enabled` tinyint(1) NOT NULL DEFAULT '0' COMMENT 'False for Phase 1 (prompt engineering only); True for Phase 2 (RAG)',
  `status` varchar(20) NOT NULL DEFAULT 'pending' COMMENT 'Execution status: pending, running, completed, failed',
  `executed_at` timestamp NULL DEFAULT NULL COMMENT 'Timestamp when the experiment was executed',
  PRIMARY KEY (`experiment_id`),
  KEY `fk_experiment_transcript` (`transcript_id`),
  KEY `fk_experiment_model` (`model_id`),
  KEY `fk_experiment_technique` (`technique_id`),
  CONSTRAINT `fk_experiment_model` FOREIGN KEY (`model_id`) REFERENCES `llm_model` (`model_id`) ON DELETE RESTRICT ON UPDATE CASCADE,
  CONSTRAINT `fk_experiment_technique` FOREIGN KEY (`technique_id`) REFERENCES `prompt_technique` (`technique_id`) ON DELETE RESTRICT ON UPDATE CASCADE,
  CONSTRAINT `fk_experiment_transcript` FOREIGN KEY (`transcript_id`) REFERENCES `transcript` (`transcript_id`) ON DELETE RESTRICT ON UPDATE CASCADE
) ENGINE=InnoDB AUTO_INCREMENT=7 DEFAULT CHARSET=utf8mb4 COLLATE=utf8mb4_0900_ai_ci COMMENT='Experimental runs: each row = one transcript × LLM × prompt technique combination';
/*!40101 SET character_set_client = @saved_cs_client */;

--
-- Dumping data for table `experiment`
--

LOCK TABLES `experiment` WRITE;
/*!40000 ALTER TABLE `experiment` DISABLE KEYS */;
INSERT INTO `experiment` VALUES (1,9,2,1,0,'completed','2026-06-22 08:56:59'),(2,9,2,2,0,'completed','2026-06-22 09:05:40'),(3,9,2,3,0,'completed','2026-06-22 09:07:57'),(4,9,2,4,0,'completed','2026-06-22 09:11:29'),(5,10,4,1,0,'completed','2026-06-22 09:19:12'),(6,10,5,1,0,'completed','2026-06-22 09:23:11');
/*!40000 ALTER TABLE `experiment` ENABLE KEYS */;
UNLOCK TABLES;

--
-- Table structure for table `ground_truth_ingredient`
--

DROP TABLE IF EXISTS `ground_truth_ingredient`;
/*!40101 SET @saved_cs_client     = @@character_set_client */;
/*!50503 SET character_set_client = utf8mb4 */;
CREATE TABLE `ground_truth_ingredient` (
  `gt_ingredient_id` int NOT NULL AUTO_INCREMENT,
  `gt_reel_id` int NOT NULL COMMENT 'FK → ground_truth_reel.gt_reel_id',
  `name_original` varchar(200) NOT NULL COMMENT 'Ingredient name exactly as spoken in the transcript (Identified Name)',
  `language_mentioned` varchar(5) NOT NULL COMMENT 'Language of the ingredient name: MY, EN, or OT',
  `name_en` varchar(200) DEFAULT NULL COMMENT 'English equivalent of the ingredient name (English Name)',
  `quantity_expression` varchar(200) DEFAULT NULL COMMENT 'Faithful transcription of how the quantity was expressed e.g. dua sudu besar, sikit je',
  `quantity_category` varchar(50) DEFAULT NULL COMMENT 'Category from controlled vocabulary in Appendix A',
  `quantity_unit_culinary` varchar(100) DEFAULT NULL COMMENT 'Standardised culinary unit from controlled vocabulary in Appendix B; NULL for vague/taste-based/not_mentioned categories',
  `unit_original` varchar(100) DEFAULT NULL COMMENT 'Unit as spoken in transcript e.g. sudu besar',
  `unit_en` varchar(100) DEFAULT NULL COMMENT 'English translation of the unit',
  `quantity_value_culinary` float DEFAULT NULL COMMENT 'Numeric count or measurement extracted from transcript e.g. 0.5, 1.5, 2.5',
  `estimated_weight_g` float DEFAULT NULL COMMENT 'Ingredient weight in grams derived via Layer 2 unit conversion',
  `calories` float DEFAULT NULL COMMENT 'Ground truth caloric value in kilocalories (kcal)',
  `energy_kcal` float DEFAULT NULL COMMENT 'Alias for calories column, used in metric queries',
  `total_fat_g` float DEFAULT NULL COMMENT 'Ground truth total fat content in grams',
  `fat_g` float DEFAULT NULL COMMENT 'Alias for total_fat_g, used in metric queries',
  `saturated_fat_g` float DEFAULT NULL COMMENT 'Ground truth saturated fat content in grams',
  `cholesterol_mg` float DEFAULT NULL COMMENT 'Ground truth cholesterol content in milligrams',
  `sodium_mg` float DEFAULT NULL COMMENT 'Ground truth sodium content in milligrams',
  `total_carbohydrate_g` float DEFAULT NULL COMMENT 'Ground truth total carbohydrate content in grams',
  `carbohydrate_g` float DEFAULT NULL COMMENT 'Alias for total_carbohydrate_g, used in metric queries',
  `dietary_fiber_g` float DEFAULT NULL COMMENT 'Ground truth dietary fiber content in grams',
  `total_sugars_g` float DEFAULT NULL COMMENT 'Ground truth total sugars content in grams',
  `protein_g` float DEFAULT NULL COMMENT 'Ground truth protein content in grams',
  `vitamin_d_mcg` float DEFAULT NULL COMMENT 'Ground truth vitamin D content in micrograms',
  `calcium_mg` float DEFAULT NULL COMMENT 'Ground truth calcium content in milligrams',
  `iron_mg` float DEFAULT NULL COMMENT 'Ground truth iron content in milligrams',
  `potassium_mg` float DEFAULT NULL COMMENT 'Ground truth potassium content in milligrams',
  `annotation_layer` varchar(10) NOT NULL COMMENT 'layer1 = faithful transcription; layer2 = standardised unit conversion',
  `annotator_matric` varchar(20) NOT NULL COMMENT 'Matric number of the annotator who completed this record',
  `annotator_name` varchar(100) NOT NULL COMMENT 'Full name of the annotator who completed this record',
  `annotated_at` timestamp NULL DEFAULT NULL COMMENT 'Timestamp recording when the annotation was submitted',
  PRIMARY KEY (`gt_ingredient_id`),
  KEY `fk_gt_ingredient_reel` (`gt_reel_id`),
  CONSTRAINT `fk_gt_ingredient_reel` FOREIGN KEY (`gt_reel_id`) REFERENCES `ground_truth_reel` (`gt_reel_id`) ON DELETE RESTRICT ON UPDATE CASCADE
) ENGINE=InnoDB AUTO_INCREMENT=87 DEFAULT CHARSET=utf8mb4 COLLATE=utf8mb4_0900_ai_ci COMMENT='Ingredient-level ground truth annotations with nutritional values';
/*!40101 SET character_set_client = @saved_cs_client */;

--
-- Dumping data for table `ground_truth_ingredient`
--

LOCK TABLES `ground_truth_ingredient` WRITE;
/*!40000 ALTER TABLE `ground_truth_ingredient` DISABLE KEYS */;
INSERT INTO `ground_truth_ingredient` VALUES (1,1,'salted butter','ms/en','salted butter','not mentioned','not_mentioned','',NULL,NULL,0,0,0,NULL,0,NULL,NULL,NULL,NULL,0,NULL,NULL,NULL,0,NULL,NULL,NULL,NULL,'layer2','B032110001','B032410580 Ahmad Faiz Fitri','2026-06-21 16:00:00'),(2,1,'castor sugar','en','caster sugar','not mentioned','not_mentioned','',NULL,NULL,0,0,0,NULL,0,NULL,NULL,NULL,NULL,0,NULL,NULL,NULL,0,NULL,NULL,NULL,NULL,'layer2','B032110001','B032410580 Ahmad Faiz Fitri','2026-06-21 16:00:00'),(3,1,'susu tepung full cream','ms/en','full cream milk powder','not mentioned','not_mentioned','',NULL,NULL,0,0,0,NULL,0,NULL,NULL,NULL,NULL,0,NULL,NULL,NULL,0,NULL,NULL,NULL,NULL,'layer2','B032110001','B032410580 Ahmad Faiz Fitri','2026-06-21 16:00:00'),(4,1,'suncric orange','en','orange concentrate','not mentioned','not_mentioned','',NULL,NULL,0,0,0,NULL,0,NULL,NULL,NULL,NULL,0,NULL,NULL,NULL,0,NULL,NULL,NULL,NULL,'layer2','B032110001','B032410580 Ahmad Faiz Fitri','2026-06-21 16:00:00'),(5,1,'nestum cereal','en/ms','Nestum cereal','not mentioned','not_mentioned','',NULL,NULL,0,0,0,NULL,0,NULL,NULL,NULL,NULL,0,NULL,NULL,NULL,0,NULL,NULL,NULL,NULL,'layer2','B032110001','B032410580 Ahmad Faiz Fitri','2026-06-21 16:00:00'),(6,1,'toasted almond nibs','en','toasted almond nibs','not mentioned','not_mentioned','',NULL,NULL,0,0,0,NULL,0,NULL,NULL,NULL,NULL,0,NULL,NULL,NULL,0,NULL,NULL,NULL,NULL,'layer2','B032110001','B032410580 Ahmad Faiz Fitri','2026-06-21 16:00:00'),(7,1,'dried cranberries','ms/en','dried cranberries','not mentioned','not_mentioned','',NULL,NULL,0,0,0,NULL,0,NULL,NULL,NULL,NULL,0,NULL,NULL,NULL,0,NULL,NULL,NULL,NULL,'layer2','B032110001','B032410580 Ahmad Faiz Fitri','2026-06-21 16:00:00'),(8,1,'7g per piece','-','-','7g','metric','g',NULL,NULL,7,0,0,NULL,0,NULL,NULL,NULL,NULL,0,NULL,NULL,NULL,0,NULL,NULL,NULL,NULL,'layer2','B032110001','B032410580 Ahmad Faiz Fitri','2026-06-21 16:00:00'),(9,2,'pure ghee','en','pure ghee','not mentioned','not_mentioned','',NULL,NULL,0,0,0,NULL,0,NULL,NULL,NULL,NULL,0,NULL,NULL,NULL,0,NULL,NULL,NULL,NULL,'layer2','B032110001','B032410580 Ahmad Faiz Fitri','2026-06-21 16:00:00'),(10,2,'ghee blend','en','blended ghee','not mentioned','not_mentioned','',NULL,NULL,0,0,0,NULL,0,NULL,NULL,NULL,NULL,0,NULL,NULL,NULL,0,NULL,NULL,NULL,NULL,'layer2','B032110001','B032410580 Ahmad Faiz Fitri','2026-06-21 16:00:00'),(11,2,'minyak sapi','ms','clarified butter/ghee','not mentioned','not_mentioned','',NULL,NULL,0,0,0,NULL,0,NULL,NULL,NULL,NULL,0,NULL,NULL,NULL,0,NULL,NULL,NULL,NULL,'layer2','B032110001','B032410580 Ahmad Faiz Fitri','2026-06-21 16:00:00'),(12,2,'tepung gandum','ms','wheat flour','not mentioned','not_mentioned','',NULL,NULL,0,0,0,NULL,0,NULL,NULL,NULL,NULL,0,NULL,NULL,NULL,0,NULL,NULL,NULL,NULL,'layer2','B032110001','B032410580 Ahmad Faiz Fitri','2026-06-21 16:00:00'),(13,2,'kacang tanah sangai','ms','roasted ground peanuts','not mentioned','not_mentioned','',NULL,NULL,0,0,0,NULL,0,NULL,NULL,NULL,NULL,0,NULL,NULL,NULL,0,NULL,NULL,NULL,NULL,'layer2','B032110001','B032410580 Ahmad Faiz Fitri','2026-06-21 16:00:00'),(14,2,'gula icing','ms','icing sugar','not mentioned','not_mentioned','',NULL,NULL,0,0,0,NULL,0,NULL,NULL,NULL,NULL,0,NULL,NULL,NULL,0,NULL,NULL,NULL,NULL,'layer2','B032110001','B032410580 Ahmad Faiz Fitri','2026-06-21 16:00:00'),(15,2,'kuning telur','ms','egg yolk','not mentioned','not_mentioned','',NULL,NULL,0,0,0,NULL,0,NULL,NULL,NULL,NULL,0,NULL,NULL,NULL,0,NULL,NULL,NULL,NULL,'layer2','B032110001','B032410580 Ahmad Faiz Fitri','2026-06-21 16:00:00'),(16,3,'kelapa parut','ms','grated coconut','not mentioned','not_mentioned','',NULL,NULL,0,0,0,NULL,0,NULL,NULL,NULL,NULL,0,NULL,NULL,NULL,0,NULL,NULL,NULL,NULL,'layer2','B032110001','B032410580 Ahmad Faiz Fitri','2026-06-21 16:00:00'),(17,3,'mentega batu lembut','ms','soft butter','not mentioned','not_mentioned','',NULL,NULL,0,0,0,NULL,0,NULL,NULL,NULL,NULL,0,NULL,NULL,NULL,0,NULL,NULL,NULL,NULL,'layer2','B032110001','B032410580 Ahmad Faiz Fitri','2026-06-21 16:00:00'),(18,3,'icing sugar','en','icing sugar','not mentioned','not_mentioned','',NULL,NULL,0,0,0,NULL,0,NULL,NULL,NULL,NULL,0,NULL,NULL,NULL,0,NULL,NULL,NULL,NULL,'layer2','B032110001','B032410580 Ahmad Faiz Fitri','2026-06-21 16:00:00'),(19,3,'susu tepung full cream','ms/en','full cream milk powder','not mentioned','not_mentioned','',NULL,NULL,0,0,0,NULL,0,NULL,NULL,NULL,NULL,0,NULL,NULL,NULL,0,NULL,NULL,NULL,NULL,'layer2','B032110001','B032410580 Ahmad Faiz Fitri','2026-06-21 16:00:00'),(20,3,'vanila','ms','vanilla','not mentioned','not_mentioned','',NULL,NULL,0,0,0,NULL,0,NULL,NULL,NULL,NULL,0,NULL,NULL,NULL,0,NULL,NULL,NULL,NULL,'layer2','B032110001','B032410580 Ahmad Faiz Fitri','2026-06-21 16:00:00'),(21,3,'kuning telur','ms','egg yolk','not mentioned','not_mentioned','',NULL,NULL,0,0,0,NULL,0,NULL,NULL,NULL,NULL,0,NULL,NULL,NULL,0,NULL,NULL,NULL,NULL,'layer2','B032110001','B032410580 Ahmad Faiz Fitri','2026-06-21 16:00:00'),(22,3,'warna kuning lemon','ms','lemon yellow food coloring','not mentioned','not_mentioned','',NULL,NULL,0,0,0,NULL,0,NULL,NULL,NULL,NULL,0,NULL,NULL,NULL,0,NULL,NULL,NULL,NULL,'layer2','B032110001','B032410580 Ahmad Faiz Fitri','2026-06-21 16:00:00'),(23,4,'tepung gandum','ms','wheat flour','not mentioned','not_mentioned','',NULL,NULL,0,0,0,NULL,0,NULL,NULL,NULL,NULL,0,NULL,NULL,NULL,0,NULL,NULL,NULL,NULL,'layer2','B032110001','B032410580 Ahmad Faiz Fitri','2026-06-21 16:00:00'),(24,4,'corn flour','en','corn flour','not mentioned','not_mentioned','',NULL,NULL,0,0,0,NULL,0,NULL,NULL,NULL,NULL,0,NULL,NULL,NULL,0,NULL,NULL,NULL,NULL,'layer2','B032110001','B032410580 Ahmad Faiz Fitri','2026-06-21 16:00:00'),(25,4,'dark cocoa powder','en','dark cocoa powder','not mentioned','not_mentioned','',NULL,NULL,0,0,0,NULL,0,NULL,NULL,NULL,NULL,0,NULL,NULL,NULL,0,NULL,NULL,NULL,NULL,'layer2','B032110001','B032410580 Ahmad Faiz Fitri','2026-06-21 16:00:00'),(26,4,'baking soda','en','baking soda','not mentioned','not_mentioned','',NULL,NULL,0,0,0,NULL,0,NULL,NULL,NULL,NULL,0,NULL,NULL,NULL,0,NULL,NULL,NULL,NULL,'layer2','B032110001','B032410580 Ahmad Faiz Fitri','2026-06-21 16:00:00'),(27,4,'salted butter','en','salted butter','not mentioned','not_mentioned','',NULL,NULL,0,0,0,NULL,0,NULL,NULL,NULL,NULL,0,NULL,NULL,NULL,0,NULL,NULL,NULL,NULL,'layer2','B032110001','B032410580 Ahmad Faiz Fitri','2026-06-21 16:00:00'),(28,4,'caster sugar','en','caster sugar','not mentioned','not_mentioned','',NULL,NULL,0,0,0,NULL,0,NULL,NULL,NULL,NULL,0,NULL,NULL,NULL,0,NULL,NULL,NULL,NULL,'layer2','B032110001','B032410580 Ahmad Faiz Fitri','2026-06-21 16:00:00'),(29,4,'toasted full cream milk powder','en','toasted full cream milk powder','not mentioned','not_mentioned','',NULL,NULL,0,0,0,NULL,0,NULL,NULL,NULL,NULL,0,NULL,NULL,NULL,0,NULL,NULL,NULL,NULL,'layer2','B032110001','B032410580 Ahmad Faiz Fitri','2026-06-21 16:00:00'),(30,4,'vanilla extract','en','vanilla extract','not mentioned','not_mentioned','',NULL,NULL,0,0,0,NULL,0,NULL,NULL,NULL,NULL,0,NULL,NULL,NULL,0,NULL,NULL,NULL,NULL,'layer2','B032110001','B032410580 Ahmad Faiz Fitri','2026-06-21 16:00:00'),(31,4,'Nestum cereal','en/ms','Nestum cereal','not mentioned','not_mentioned','',NULL,NULL,0,0,0,NULL,0,NULL,NULL,NULL,NULL,0,NULL,NULL,NULL,0,NULL,NULL,NULL,NULL,'layer2','B032110001','B032410580 Ahmad Faiz Fitri','2026-06-21 16:00:00'),(32,4,'roasted almond nibs','en','roasted almond nibs','not mentioned','not_mentioned','',NULL,NULL,0,0,0,NULL,0,NULL,NULL,NULL,NULL,0,NULL,NULL,NULL,0,NULL,NULL,NULL,NULL,'layer2','B032110001','B032410580 Ahmad Faiz Fitri','2026-06-21 16:00:00'),(33,4,'dark baking chocolate','en','dark baking chocolate','not mentioned','not_mentioned','',NULL,NULL,0,0,0,NULL,0,NULL,NULL,NULL,NULL,0,NULL,NULL,NULL,0,NULL,NULL,NULL,NULL,'layer2','B032110001','B032410580 Ahmad Faiz Fitri','2026-06-21 16:00:00'),(34,4,'7g per piece','-','-','7g','metric','g',NULL,NULL,7,0,0,NULL,0,NULL,NULL,NULL,NULL,0,NULL,NULL,NULL,0,NULL,NULL,NULL,NULL,'layer2','B032110001','B032410580 Ahmad Faiz Fitri','2026-06-21 16:00:00'),(35,5,'salted butter','ms/en','salted butter','not mentioned','not_mentioned','',NULL,NULL,0,0,0,NULL,0,NULL,NULL,NULL,NULL,0,NULL,NULL,NULL,0,NULL,NULL,NULL,NULL,'layer2','B032110001','B032410580 Ahmad Faiz Fitri','2026-06-21 16:00:00'),(36,5,'icing sugar','en','icing sugar','not mentioned','not_mentioned','',NULL,NULL,0,0,0,NULL,0,NULL,NULL,NULL,NULL,0,NULL,NULL,NULL,0,NULL,NULL,NULL,NULL,'layer2','B032110001','B032410580 Ahmad Faiz Fitri','2026-06-21 16:00:00'),(37,5,'vanilla pistachio spread','en','vanilla pistachio spread','not mentioned','not_mentioned','',NULL,NULL,0,0,0,NULL,0,NULL,NULL,NULL,NULL,0,NULL,NULL,NULL,0,NULL,NULL,NULL,NULL,'layer2','B032110001','B032410580 Ahmad Faiz Fitri','2026-06-21 16:00:00'),(38,5,'tepung gandum','ms','wheat flour','not mentioned','not_mentioned','',NULL,NULL,0,0,0,NULL,0,NULL,NULL,NULL,NULL,0,NULL,NULL,NULL,0,NULL,NULL,NULL,NULL,'layer2','B032110001','B032410580 Ahmad Faiz Fitri','2026-06-21 16:00:00'),(39,5,'tepung jagung','ms','corn flour','not mentioned','not_mentioned','',NULL,NULL,0,0,0,NULL,0,NULL,NULL,NULL,NULL,0,NULL,NULL,NULL,0,NULL,NULL,NULL,NULL,'layer2','B032110001','B032410580 Ahmad Faiz Fitri','2026-06-21 16:00:00'),(40,5,'warna hijau apple','ms','apple green food coloring','not mentioned','not_mentioned','',NULL,NULL,0,0,0,NULL,0,NULL,NULL,NULL,NULL,0,NULL,NULL,NULL,0,NULL,NULL,NULL,NULL,'layer2','B032110001','B032410580 Ahmad Faiz Fitri','2026-06-21 16:00:00'),(41,5,'melted white chocolate','en','melted white chocolate','not mentioned','not_mentioned','',NULL,NULL,0,0,0,NULL,0,NULL,NULL,NULL,NULL,0,NULL,NULL,NULL,0,NULL,NULL,NULL,NULL,'layer2','B032110001','B032410580 Ahmad Faiz Fitri','2026-06-21 16:00:00'),(42,5,'pistachio spread','en','pistachio spread','not mentioned','not_mentioned','',NULL,NULL,0,0,0,NULL,0,NULL,NULL,NULL,NULL,0,NULL,NULL,NULL,0,NULL,NULL,NULL,NULL,'layer2','B032110001','B032410580 Ahmad Faiz Fitri','2026-06-21 16:00:00'),(43,5,'1.5 tsp','en','1.5 teaspoons','1.5 tsp','culinary_measured','sudu_kecil',NULL,NULL,1.5,0,0,NULL,0,NULL,NULL,NULL,NULL,0,NULL,NULL,NULL,0,NULL,NULL,NULL,NULL,'layer2','B032110001','B032410580 Ahmad Faiz Fitri','2026-06-21 16:00:00'),(44,6,'salted butter','ms/en','salted butter','not mentioned','not_mentioned','',NULL,NULL,0,0,0,NULL,0,NULL,NULL,NULL,NULL,0,NULL,NULL,NULL,0,NULL,NULL,NULL,NULL,'layer2','B032110001','B032410580 Ahmad Faiz Fitri','2026-06-21 16:00:00'),(45,6,'castor sugar','en','caster sugar','not mentioned','not_mentioned','',NULL,NULL,0,0,0,NULL,0,NULL,NULL,NULL,NULL,0,NULL,NULL,NULL,0,NULL,NULL,NULL,NULL,'layer2','B032110001','B032410580 Ahmad Faiz Fitri','2026-06-21 16:00:00'),(46,6,'brown sugar','en','brown sugar','not mentioned','not_mentioned','',NULL,NULL,0,0,0,NULL,0,NULL,NULL,NULL,NULL,0,NULL,NULL,NULL,0,NULL,NULL,NULL,NULL,'layer2','B032110001','B032410580 Ahmad Faiz Fitri','2026-06-21 16:00:00'),(47,6,'susu tepung full cream','ms/en','full cream milk powder','not mentioned','not_mentioned','',NULL,NULL,0,0,0,NULL,0,NULL,NULL,NULL,NULL,0,NULL,NULL,NULL,0,NULL,NULL,NULL,NULL,'layer2','B032110001','B032410580 Ahmad Faiz Fitri','2026-06-21 16:00:00'),(48,6,'telur','ms','egg','not mentioned','not_mentioned','',NULL,NULL,0,0,0,NULL,0,NULL,NULL,NULL,NULL,0,NULL,NULL,NULL,0,NULL,NULL,NULL,NULL,'layer2','B032110001','B032410580 Ahmad Faiz Fitri','2026-06-21 16:00:00'),(49,6,'vanila','ms','vanilla','not mentioned','not_mentioned','',NULL,NULL,0,0,0,NULL,0,NULL,NULL,NULL,NULL,0,NULL,NULL,NULL,0,NULL,NULL,NULL,NULL,'layer2','B032110001','B032410580 Ahmad Faiz Fitri','2026-06-21 16:00:00'),(50,6,'Cornflake','en','cornflakes','not mentioned','not_mentioned','',NULL,NULL,0,0,0,NULL,0,NULL,NULL,NULL,NULL,0,NULL,NULL,NULL,0,NULL,NULL,NULL,NULL,'layer2','B032110001','B032410580 Ahmad Faiz Fitri','2026-06-21 16:00:00'),(51,6,'dark chocolate chips','en','dark chocolate chips','not mentioned','not_mentioned','',NULL,NULL,0,0,0,NULL,0,NULL,NULL,NULL,NULL,0,NULL,NULL,NULL,0,NULL,NULL,NULL,NULL,'layer2','B032110001','B032410580 Ahmad Faiz Fitri','2026-06-21 16:00:00'),(52,6,'kekacang','ms','nuts','not mentioned','not_mentioned','',NULL,NULL,0,0,0,NULL,0,NULL,NULL,NULL,NULL,0,NULL,NULL,NULL,0,NULL,NULL,NULL,NULL,'layer2','B032110001','B032410580 Ahmad Faiz Fitri','2026-06-21 16:00:00'),(53,7,'whipping cream','en','whipping cream','2.5 cup','culinary_measured','cawan',NULL,NULL,2.5,0,0,NULL,0,NULL,NULL,NULL,NULL,0,NULL,NULL,NULL,0,NULL,NULL,NULL,NULL,'layer2','B032110001','B032410580 Ahmad Faiz Fitri','2026-06-21 16:00:00'),(54,7,'telur','ms','eggs','3 biji','culinary_measured','biji',NULL,NULL,3,0,0,NULL,0,NULL,NULL,NULL,NULL,0,NULL,NULL,NULL,0,NULL,NULL,NULL,NULL,'layer2','B032110001','B032410580 Ahmad Faiz Fitri','2026-06-21 16:00:00'),(55,7,'vanilla','ms','vanilla','2 sudu teh','culinary_measured','sudu_kecil',NULL,NULL,2,0,0,NULL,0,NULL,NULL,NULL,NULL,0,NULL,NULL,NULL,0,NULL,NULL,NULL,NULL,'layer2','B032110001','B032410580 Ahmad Faiz Fitri','2026-06-21 16:00:00'),(56,7,'garam','ms','salt','1 sudu teh (implied)','culinary_measured','sudu_kecil',NULL,NULL,1,0,0,NULL,0,NULL,NULL,NULL,NULL,0,NULL,NULL,NULL,0,NULL,NULL,NULL,NULL,'layer2','B032110001','B032410580 Ahmad Faiz Fitri','2026-06-21 16:00:00'),(57,7,'roti','ms','bread','not mentioned','not_mentioned','',NULL,NULL,0,0,0,NULL,0,NULL,NULL,NULL,NULL,0,NULL,NULL,NULL,0,NULL,NULL,NULL,NULL,'layer2','B032110001','B032410580 Ahmad Faiz Fitri','2026-06-21 16:00:00'),(58,7,'pisang','ms','banana','not mentioned','not_mentioned','',NULL,NULL,0,0,0,NULL,0,NULL,NULL,NULL,NULL,0,NULL,NULL,NULL,0,NULL,NULL,NULL,NULL,'layer2','B032110001','B032410580 Ahmad Faiz Fitri','2026-06-21 16:00:00'),(59,7,'peach','en','canned peaches','420g','metric','g',NULL,NULL,420,0,0,NULL,0,NULL,NULL,NULL,NULL,0,NULL,NULL,NULL,0,NULL,NULL,NULL,NULL,'layer2','B032110001','B032410580 Ahmad Faiz Fitri','2026-06-21 16:00:00'),(60,7,'biskut','ms','biscuits/cookies','setengah cawan','culinary_measured','cawan',NULL,NULL,0.5,0,0,NULL,0,NULL,NULL,NULL,NULL,0,NULL,NULL,NULL,0,NULL,NULL,NULL,NULL,'layer2','B032110001','B032410580 Ahmad Faiz Fitri','2026-06-21 16:00:00'),(61,8,'mentega','ms','butter','not mentioned','not_mentioned','',NULL,NULL,0,0,0,NULL,0,NULL,NULL,NULL,NULL,0,NULL,NULL,NULL,0,NULL,NULL,NULL,NULL,'layer2','B032110001','B032410580 Ahmad Faiz Fitri','2026-06-21 16:00:00'),(62,8,'gula halus','ms','caster sugar','not mentioned','not_mentioned','',NULL,NULL,0,0,0,NULL,0,NULL,NULL,NULL,NULL,0,NULL,NULL,NULL,0,NULL,NULL,NULL,NULL,'layer2','B032110001','B032410580 Ahmad Faiz Fitri','2026-06-21 16:00:00'),(63,8,'tepung gandum','ms','wheat flour','not mentioned','not_mentioned','',NULL,NULL,0,0,0,NULL,0,NULL,NULL,NULL,NULL,0,NULL,NULL,NULL,0,NULL,NULL,NULL,NULL,'layer2','B032110001','B032410580 Ahmad Faiz Fitri','2026-06-21 16:00:00'),(64,8,'dark cocoa powder','en','dark cocoa powder','not mentioned','not_mentioned','',NULL,NULL,0,0,0,NULL,0,NULL,NULL,NULL,NULL,0,NULL,NULL,NULL,0,NULL,NULL,NULL,NULL,'layer2','B032110001','B032410580 Ahmad Faiz Fitri','2026-06-21 16:00:00'),(65,8,'cornflakes','en/ms','cornflakes','not mentioned','not_mentioned','',NULL,NULL,0,0,0,NULL,0,NULL,NULL,NULL,NULL,0,NULL,NULL,NULL,0,NULL,NULL,NULL,NULL,'layer2','B032110001','B032410580 Ahmad Faiz Fitri','2026-06-21 16:00:00'),(66,8,'Nutella','en','Nutella','not mentioned','not_mentioned','',NULL,NULL,0,0,0,NULL,0,NULL,NULL,NULL,NULL,0,NULL,NULL,NULL,0,NULL,NULL,NULL,NULL,'layer2','B032110001','B032410580 Ahmad Faiz Fitri','2026-06-21 16:00:00'),(67,8,'melted chocolate','en','melted chocolate','not mentioned','not_mentioned','',NULL,NULL,0,0,0,NULL,0,NULL,NULL,NULL,NULL,0,NULL,NULL,NULL,0,NULL,NULL,NULL,NULL,'layer2','B032110001','B032410580 Ahmad Faiz Fitri','2026-06-21 16:00:00'),(68,8,'hazelnut spread','en','hazelnut spread','not mentioned','not_mentioned','',NULL,NULL,0,0,0,NULL,0,NULL,NULL,NULL,NULL,0,NULL,NULL,NULL,0,NULL,NULL,NULL,NULL,'layer2','B032110001','B032410580 Ahmad Faiz Fitri','2026-06-21 16:00:00'),(69,8,'walnut','en','walnut','not mentioned','not_mentioned','',NULL,NULL,0,0,0,NULL,0,NULL,NULL,NULL,NULL,0,NULL,NULL,NULL,0,NULL,NULL,NULL,NULL,'layer2','B032110001','B032410580 Ahmad Faiz Fitri','2026-06-21 16:00:00'),(70,8,'almond','en','almond','not mentioned','not_mentioned','',NULL,NULL,0,0,0,NULL,0,NULL,NULL,NULL,NULL,0,NULL,NULL,NULL,0,NULL,NULL,NULL,NULL,'layer2','B032110001','B032410580 Ahmad Faiz Fitri','2026-06-21 16:00:00'),(71,9,'salted butter','ms/en','salted butter','not mentioned','not_mentioned','',NULL,NULL,0,0,0,NULL,0,NULL,NULL,NULL,NULL,0,NULL,NULL,NULL,0,NULL,NULL,NULL,NULL,'layer2','B032110001','B032410580 Ahmad Faiz Fitri','2026-06-21 16:00:00'),(72,9,'gula kaster','ms','caster sugar','not mentioned','not_mentioned','',NULL,NULL,0,0,0,NULL,0,NULL,NULL,NULL,NULL,0,NULL,NULL,NULL,0,NULL,NULL,NULL,NULL,'layer2','B032110001','B032410580 Ahmad Faiz Fitri','2026-06-21 16:00:00'),(73,9,'vanila','ms','vanilla','not mentioned','not_mentioned','',NULL,NULL,0,0,0,NULL,0,NULL,NULL,NULL,NULL,0,NULL,NULL,NULL,0,NULL,NULL,NULL,NULL,'layer2','B032110001','B032410580 Ahmad Faiz Fitri','2026-06-21 16:00:00'),(74,9,'marjerin','ms','margarine','not mentioned','not_mentioned','',NULL,NULL,0,0,0,NULL,0,NULL,NULL,NULL,NULL,0,NULL,NULL,NULL,0,NULL,NULL,NULL,NULL,'layer2','B032110001','B032410580 Ahmad Faiz Fitri','2026-06-21 16:00:00'),(75,9,'tepung gandum','ms','wheat flour','not mentioned','not_mentioned','',NULL,NULL,0,0,0,NULL,0,NULL,NULL,NULL,NULL,0,NULL,NULL,NULL,0,NULL,NULL,NULL,NULL,'layer2','B032110001','B032410580 Ahmad Faiz Fitri','2026-06-21 16:00:00'),(76,9,'dark cocoa powder','en','dark cocoa powder','not mentioned','not_mentioned','',NULL,NULL,0,0,0,NULL,0,NULL,NULL,NULL,NULL,0,NULL,NULL,NULL,0,NULL,NULL,NULL,NULL,'layer2','B032110001','B032410580 Ahmad Faiz Fitri','2026-06-21 16:00:00'),(77,9,'susu tepung full cream','ms/en','full cream milk powder','not mentioned','not_mentioned','',NULL,NULL,0,0,0,NULL,0,NULL,NULL,NULL,NULL,0,NULL,NULL,NULL,0,NULL,NULL,NULL,NULL,'layer2','B032110001','B032410580 Ahmad Faiz Fitri','2026-06-21 16:00:00'),(78,9,'baking soda','en','baking soda','not mentioned','not_mentioned','',NULL,NULL,0,0,0,NULL,0,NULL,NULL,NULL,NULL,0,NULL,NULL,NULL,0,NULL,NULL,NULL,NULL,'layer2','B032110001','B032410580 Ahmad Faiz Fitri','2026-06-21 16:00:00'),(79,9,'cornflakes','en','cornflakes','not mentioned','not_mentioned','',NULL,NULL,0,0,0,NULL,0,NULL,NULL,NULL,NULL,0,NULL,NULL,NULL,0,NULL,NULL,NULL,NULL,'layer2','B032110001','B032410580 Ahmad Faiz Fitri','2026-06-21 16:00:00'),(80,9,'kekacang','ms','nuts','not mentioned','not_mentioned','',NULL,NULL,0,0,0,NULL,0,NULL,NULL,NULL,NULL,0,NULL,NULL,NULL,0,NULL,NULL,NULL,NULL,'layer2','B032110001','B032410580 Ahmad Faiz Fitri','2026-06-21 16:00:00'),(81,9,'melted chocolate','en','melted chocolate','not mentioned','not_mentioned','',NULL,NULL,0,0,0,NULL,0,NULL,NULL,NULL,NULL,0,NULL,NULL,NULL,0,NULL,NULL,NULL,NULL,'layer2','B032110001','B032410580 Ahmad Faiz Fitri','2026-06-21 16:00:00'),(82,9,'7g per piece','-','-','7g','metric','g',NULL,NULL,7,0,0,NULL,0,NULL,NULL,NULL,NULL,0,NULL,NULL,NULL,0,NULL,NULL,NULL,NULL,'layer2','B032110001','B032410580 Ahmad Faiz Fitri','2026-06-21 16:00:00'),(83,10,'gula','ms','sugar','not mentioned','not_mentioned','',NULL,NULL,0,0,0,NULL,0,NULL,NULL,NULL,NULL,0,NULL,NULL,NULL,0,NULL,NULL,NULL,NULL,'layer2','B032110001','B032410580 Ahmad Faiz Fitri','2026-06-21 16:00:00'),(84,10,'coklat','ms','chocolate','not mentioned','not_mentioned','',NULL,NULL,0,0,0,NULL,0,NULL,NULL,NULL,NULL,0,NULL,NULL,NULL,0,NULL,NULL,NULL,NULL,'layer2','B032110001','B032410580 Ahmad Faiz Fitri','2026-06-21 16:00:00'),(85,10,'marshmallow','en','marshmallow','not mentioned','not_mentioned','',NULL,NULL,0,0,0,NULL,0,NULL,NULL,NULL,NULL,0,NULL,NULL,NULL,0,NULL,NULL,NULL,NULL,'layer2','B032110001','B032410580 Ahmad Faiz Fitri','2026-06-21 16:00:00'),(86,10,'chocolate chip','en','chocolate chips','not mentioned','not_mentioned','',NULL,NULL,0,0,0,NULL,0,NULL,NULL,NULL,NULL,0,NULL,NULL,NULL,0,NULL,NULL,NULL,NULL,'layer2','B032110001','B032410580 Ahmad Faiz Fitri','2026-06-21 16:00:00');
/*!40000 ALTER TABLE `ground_truth_ingredient` ENABLE KEYS */;
UNLOCK TABLES;

--
-- Table structure for table `ground_truth_reel`
--

DROP TABLE IF EXISTS `ground_truth_reel`;
/*!40101 SET @saved_cs_client     = @@character_set_client */;
/*!50503 SET character_set_client = utf8mb4 */;
CREATE TABLE `ground_truth_reel` (
  `gt_reel_id` int NOT NULL AUTO_INCREMENT,
  `transcript_id` int NOT NULL COMMENT 'FK → transcript.transcript_id',
  `annotator_matric` varchar(20) NOT NULL COMMENT 'Matric number of the annotator',
  `annotator_name` varchar(100) NOT NULL COMMENT 'Name of the annotator',
  `annotated_at` timestamp NULL DEFAULT NULL COMMENT 'Timestamp when annotation was completed',
  PRIMARY KEY (`gt_reel_id`),
  KEY `fk_gt_reel_transcript` (`transcript_id`),
  CONSTRAINT `fk_gt_reel_transcript` FOREIGN KEY (`transcript_id`) REFERENCES `transcript` (`transcript_id`) ON DELETE RESTRICT ON UPDATE CASCADE
) ENGINE=InnoDB AUTO_INCREMENT=11 DEFAULT CHARSET=utf8mb4 COLLATE=utf8mb4_0900_ai_ci COMMENT='Reel-level ground truth annotations by human annotators';
/*!40101 SET character_set_client = @saved_cs_client */;

--
-- Dumping data for table `ground_truth_reel`
--

LOCK TABLES `ground_truth_reel` WRITE;
/*!40000 ALTER TABLE `ground_truth_reel` DISABLE KEYS */;
INSERT INTO `ground_truth_reel` VALUES (1,1,'B032110001','B032410580 Ahmad Faiz Fitri','2026-06-21 16:00:00'),(2,2,'B032110001','B032410580 Ahmad Faiz Fitri','2026-06-21 16:00:00'),(3,3,'B032110001','B032410580 Ahmad Faiz Fitri','2026-06-21 16:00:00'),(4,4,'B032110001','B032410580 Ahmad Faiz Fitri','2026-06-21 16:00:00'),(5,5,'B032110001','B032410580 Ahmad Faiz Fitri','2026-06-21 16:00:00'),(6,6,'B032110001','B032410580 Ahmad Faiz Fitri','2026-06-21 16:00:00'),(7,7,'B032110001','B032410580 Ahmad Faiz Fitri','2026-06-21 16:00:00'),(8,8,'B032110001','B032410580 Ahmad Faiz Fitri','2026-06-21 16:00:00'),(9,9,'B032110001','B032410580 Ahmad Faiz Fitri','2026-06-21 16:00:00'),(10,10,'B032110001','B032410580 Ahmad Faiz Fitri','2026-06-21 16:00:00');
/*!40000 ALTER TABLE `ground_truth_reel` ENABLE KEYS */;
UNLOCK TABLES;

--
-- Table structure for table `influencer`
--

DROP TABLE IF EXISTS `influencer`;
/*!40101 SET @saved_cs_client     = @@character_set_client */;
/*!50503 SET character_set_client = utf8mb4 */;
CREATE TABLE `influencer` (
  `influencer_id` int NOT NULL AUTO_INCREMENT,
  `name` varchar(100) NOT NULL COMMENT 'Full name of the influencer',
  `instagram_account` varchar(100) NOT NULL COMMENT 'Instagram handle e.g. khairulaming',
  `instagram_url` varchar(500) NOT NULL COMMENT 'Full URL to the Instagram profile',
  `created_at` timestamp NOT NULL DEFAULT CURRENT_TIMESTAMP COMMENT 'Record creation timestamp',
  PRIMARY KEY (`influencer_id`)
) ENGINE=InnoDB AUTO_INCREMENT=2 DEFAULT CHARSET=utf8mb4 COLLATE=utf8mb4_0900_ai_ci COMMENT='Profile of the selected Malaysian gastronomy influencer';
/*!40101 SET character_set_client = @saved_cs_client */;

--
-- Dumping data for table `influencer`
--

LOCK TABLES `influencer` WRITE;
/*!40000 ALTER TABLE `influencer` DISABLE KEYS */;
INSERT INTO `influencer` VALUES (1,'Danish Harraz','danishharraz','https://www.instagram.com/danishharraz/','2026-06-22 08:55:23');
/*!40000 ALTER TABLE `influencer` ENABLE KEYS */;
UNLOCK TABLES;

--
-- Table structure for table `ingredient_result`
--

DROP TABLE IF EXISTS `ingredient_result`;
/*!40101 SET @saved_cs_client     = @@character_set_client */;
/*!50503 SET character_set_client = utf8mb4 */;
CREATE TABLE `ingredient_result` (
  `ingredient_id` int NOT NULL AUTO_INCREMENT,
  `result_id` int NOT NULL COMMENT 'FK → nutrition_result.result_id',
  `name_original` varchar(200) DEFAULT NULL COMMENT 'Ingredient name as spoken in the transcript',
  `name_en` varchar(200) DEFAULT NULL COMMENT 'English translation of the ingredient name',
  `quantity_value` float DEFAULT NULL COMMENT 'Numeric quantity as extracted by LLM',
  `unit_original` varchar(100) DEFAULT NULL COMMENT 'Unit as extracted by LLM e.g. sudu besar',
  `unit_en` varchar(100) DEFAULT NULL COMMENT 'English translation of the unit',
  `estimated_weight_g` float DEFAULT NULL COMMENT 'Estimated weight in grams as computed by LLM',
  `calories` float DEFAULT NULL COMMENT 'Estimated calories in kilocalories (kcal)',
  `energy_kcal` float DEFAULT NULL COMMENT 'Alias for calories, used in metric queries',
  `total_fat_g` float DEFAULT NULL COMMENT 'Estimated total fat in grams',
  `fat_g` float DEFAULT NULL COMMENT 'Alias for total_fat_g, used in metric queries',
  `saturated_fat_g` float DEFAULT NULL COMMENT 'Estimated saturated fat in grams',
  `cholesterol_mg` float DEFAULT NULL COMMENT 'Estimated cholesterol in milligrams',
  `sodium_mg` float DEFAULT NULL COMMENT 'Estimated sodium in milligrams',
  `total_carbohydrate_g` float DEFAULT NULL COMMENT 'Estimated total carbohydrate in grams',
  `carbohydrate_g` float DEFAULT NULL COMMENT 'Alias for total_carbohydrate_g, used in metric queries',
  `dietary_fiber_g` float DEFAULT NULL COMMENT 'Estimated dietary fiber in grams',
  `total_sugars_g` float DEFAULT NULL COMMENT 'Estimated total sugars in grams',
  `protein_g` float DEFAULT NULL COMMENT 'Estimated protein in grams',
  `vitamin_d_mcg` float DEFAULT NULL COMMENT 'Estimated vitamin D in micrograms',
  `calcium_mg` float DEFAULT NULL COMMENT 'Estimated calcium in milligrams',
  `iron_mg` float DEFAULT NULL COMMENT 'Estimated iron in milligrams',
  `potassium_mg` float DEFAULT NULL COMMENT 'Estimated potassium in milligrams',
  `is_hallucinated` tinyint(1) DEFAULT '0' COMMENT 'True if this ingredient was NOT mentioned in the transcript (hallucination)',
  PRIMARY KEY (`ingredient_id`),
  KEY `fk_ingredient_nutrition` (`result_id`),
  CONSTRAINT `fk_ingredient_nutrition` FOREIGN KEY (`result_id`) REFERENCES `nutrition_result` (`result_id`) ON DELETE RESTRICT ON UPDATE CASCADE
) ENGINE=InnoDB AUTO_INCREMENT=32 DEFAULT CHARSET=utf8mb4 COLLATE=utf8mb4_0900_ai_ci COMMENT='Ingredient-level nutritional values extracted by the LLM per experiment run';
/*!40101 SET character_set_client = @saved_cs_client */;

--
-- Dumping data for table `ingredient_result`
--

LOCK TABLES `ingredient_result` WRITE;
/*!40000 ALTER TABLE `ingredient_result` DISABLE KEYS */;
INSERT INTO `ingredient_result` VALUES (1,3,'','Butter',0,'','grams (estimated)',100,717,NULL,81.6,NULL,57.4,211.8,12.5,0,NULL,0,0,0.1,3.8,19.6,2.4,151.5,0),(2,3,'','Brown Sugar',0,'','grams (estimated)',200,770,NULL,0,NULL,0,0,5.1,1388.9,NULL,4.2,1046.7,3,15.5,11.1,19.8,1169.4,0),(3,3,'','Egg',0,'','grams (estimated)',50,143,NULL,10.6,NULL,2.1,212.5,65.9,3.8,NULL,0.4,0.6,12.1,7.2,5.9,16.3,75.4,0),(4,3,'','Vanilla Extract',0,'','grams (estimated)',3,14,NULL,1.8,NULL,1.2,6.7,5.4,3.9,NULL,0,12.8,1.2,6.7,5.4,20.9,66,0),(5,3,'','Baking Powder',0,'','grams (estimated, varies for solids like baking powder; assume 5g as average per item)',0,33.3,NULL,1.4,NULL,0.8,2.7,1185.6,64.9,NULL,3.1,39,4.8,14.2,12.5,27.6,1869.1,0),(6,3,'','Dark Chocolate Chips',0,'','grams (estimated, assume negligible for small quantity)',0,23.5,NULL,1.3,NULL,2.6,9.4,13.8,11,NULL,0.5,15.2,1.3,4.9,8.7,11.6,72,0),(7,3,'','Walnuts or Pecans',0,'','grams (estimated for nuts; assume 1 serving of almonds = 14g)',0,134.8,NULL,28.6,NULL,2.5,60.3,38.1,17,NULL,3.8,4.9,2.6,5.7,26.1,0.75,194.3,0),(8,3,'','Preheated Oven',0,'','estimated_weight_g',0,0,NULL,0,NULL,0,0,0,0,NULL,0,0,0,0,0,0,0,0),(9,3,'','Sea Salt Flakes',0,'','grams (estimated, assume negligible for small quantity)',0,3.7,NULL,1.5,NULL,1.2,8.9,1784.6,0.3,NULL,0.01,0.1,11.2,5.7,19.8,27.4,1876.9,0),(10,4,'','',0,'','',0,0,NULL,0,NULL,0,0,0,0,NULL,0,0,0,0,0,0,0,0),(11,4,'','',1,'sudak','tablespoon(s)',7.5,0,NULL,0,NULL,0,0,0,0,NULL,0,1.2,0,0,10,0,0,0),(12,4,'','',1,'sudak','teaspoon(s)',4.2,0,NULL,0,NULL,0,0,0,0,NULL,0,1.2,0,0,10,0,0,0),(13,4,'','',1.5,'biji','egg(s)',60,0,NULL,0,NULL,0,216,124,1.2,NULL,0,3.4,14,11,22,1.2,60,0),(14,4,'','',0,'jika','if used (optional)',0,29.7,NULL,27.3,NULL,15.6,81.8,10,0,NULL,0,1.2,0.4,6.9,10,3.8,7,0),(15,4,'','',0,'','unknown',15,5.9,NULL,0,NULL,0,0,200,45.9,NULL,1.2,12.7,0.8,0,3,10.9,75,0),(16,4,'','',1,'sekuk','to taste (optional)',0.2,0,NULL,0,NULL,0,0,390,0.04,NULL,0.004,1.4,2,0,3,7.8,300,0),(17,4,'','',1,'cawan','cup(s)',240,210.4,NULL,0.3,NULL,0.1,0,2,45.9,NULL,3.6,7,4.32,0,10,2.1,37,0),(18,4,'','',0,'','unknown',10,70.8,NULL,4.7,NULL,1.6,0,100,15.8,NULL,2.4,13.1,0.5,0,3,6.9,45,0),(19,4,'','',2,'biji','piece(s)',120,0.1,NULL,0.004,NULL,0,0,40,31.6,NULL,2.4,7.8,1.9,0,10,6.9,0,0),(20,4,'','',2,'','piece(s)',14.4,145.7,NULL,13.1,NULL,0,23,2,3,NULL,6.5,19,0,2,3,8.4,0,0),(21,4,'','',1,'','if used (optional)',0.2,29.7,NULL,27.3,NULL,15.6,0,10,1.2,NULL,3,0,14,11,22,0,0,0),(22,5,'pisang','banana',300,'gram','grams',300,148,NULL,0.5,NULL,0.2,0,1,32,NULL,2.5,18,1.5,0,10,0.7,320,0),(23,5,'melted butter','melted butter',100,'gram','grams',100,777,NULL,77.7,NULL,55,0,0,0,NULL,0,0,0,0,0,0,0,0),(24,5,'gula','sugar',150,'gram','grams',150,594,NULL,0,NULL,0,0,0,83,NULL,0,72,0,0,0,0,0,0),(25,5,'telur','eggs',2,'unit','units',165,147,NULL,10.8,NULL,6.2,390,75,1.2,NULL,0,0,13,0,25,8,460,0),(26,5,'vanilla extract','vanilla extract',1,'secukup rasa','teaspoon',2,0,NULL,0,NULL,0,0,0,0,NULL,0,0,0,0,0,0,0,0),(27,5,'tepung gandum','wheat flour',150,'gram','grams',150,763,NULL,2.4,NULL,0.8,0,1,76,NULL,2.5,0,11,0,13,4.7,0,0),(28,5,'dark cocoa powder','dark cocoa powder',30,'gram','grams',30,148,NULL,1.2,NULL,0.6,0,5,9,NULL,1,2,3,0,8,6.5,190,0),(29,5,'baking soda','baking soda',2.5,'gram','grams',2.5,0,NULL,0,NULL,0,0,75,0,NULL,0,0,0,0,0,0,0,0),(30,5,'baking powder','baking powder',2.5,'gram','grams',2.5,0,NULL,0,NULL,0,0,75,1,NULL,0,0,0,0,0,0,0,0),(31,5,'chocolate chips','chocolate chips',100,'gram','grams',100,520,NULL,30,NULL,18,45,30,26,NULL,1,20,3,0,15,2.8,70,0);
/*!40000 ALTER TABLE `ingredient_result` ENABLE KEYS */;
UNLOCK TABLES;

--
-- Table structure for table `llm_model`
--

DROP TABLE IF EXISTS `llm_model`;
/*!40101 SET @saved_cs_client     = @@character_set_client */;
/*!50503 SET character_set_client = utf8mb4 */;
CREATE TABLE `llm_model` (
  `model_id` int NOT NULL AUTO_INCREMENT,
  `model_name` varchar(100) NOT NULL COMMENT 'Display name e.g. Llama 3.1 8B Instruct',
  `model_tag` varchar(100) NOT NULL COMMENT 'Ollama model tag e.g. llama3.1:8b',
  `provider` varchar(100) NOT NULL COMMENT 'Model provider e.g. Meta, Mistral AI, Alibaba, Saama AI',
  `description` text COMMENT 'Brief description of the model and its relevance to the study',
  `created_at` timestamp NOT NULL DEFAULT CURRENT_TIMESTAMP COMMENT 'Record creation timestamp',
  PRIMARY KEY (`model_id`)
) ENGINE=InnoDB AUTO_INCREMENT=6 DEFAULT CHARSET=utf8mb4 COLLATE=utf8mb4_0900_ai_ci COMMENT='Reference table for the four LLMs evaluated in the study';
/*!40101 SET character_set_client = @saved_cs_client */;

--
-- Dumping data for table `llm_model`
--

LOCK TABLES `llm_model` WRITE;
/*!40000 ALTER TABLE `llm_model` DISABLE KEYS */;
INSERT INTO `llm_model` VALUES (1,'Llama 3.2 3B Instruct','llama3.2:3b','Meta','Meta Llama 3.2 3B instruction-tuned model. Selected as a compact general-purpose baseline that runs comfortably on medium-specification machines while retaining solid multilingual comprehension for EN-MS code-switched nutritional extraction.','2026-06-22 07:50:22'),(2,'Phi-4-mini 3.8B Instruct','phi4-mini','Microsoft','Microsoft Phi-4-mini 3.8B instruction-tuned model. Selected as an efficiency benchmark, offering strong reasoning density per parameter at a small footprint suitable for CPU-based batch processing of cooking transcripts.','2026-06-22 07:50:22'),(3,'Qwen 2.5 3B Instruct','qwen2.5:3b','Alibaba','Alibaba Qwen 2.5 3B instruction-tuned model. Selected for its broad multilingual coverage including Malay and English, providing a general multilingual reference point for code-switched gastronomy transcript analysis.','2026-06-22 07:50:22'),(4,'Gemma-SEA-LION v4 4B','aisingapore/Gemma-SEA-LION-v4-4B-VL','AI Singapore','AI Singapore Gemma-SEA-LION v4 4B model, post-trained on Southeast Asian languages including Malay on a Gemma 3 base. Selected to test whether regional language adaptation improves extraction accuracy on EN-MS code-switched cooking transcripts compared with general multilingual models.','2026-06-22 07:50:22'),(5,'MedGemma 4B','medgemma:4b','Google','Google MedGemma 4B model adapted for medical and biomedical text on a Gemma 3 base. Selected to evaluate whether domain-specific pretraining improves nutritional information extraction accuracy relative to general-purpose instruction-tuned models.','2026-06-22 07:50:22');
/*!40000 ALTER TABLE `llm_model` ENABLE KEYS */;
UNLOCK TABLES;

--
-- Table structure for table `nutrition_result`
--

DROP TABLE IF EXISTS `nutrition_result`;
/*!40101 SET @saved_cs_client     = @@character_set_client */;
/*!50503 SET character_set_client = utf8mb4 */;
CREATE TABLE `nutrition_result` (
  `result_id` int NOT NULL AUTO_INCREMENT,
  `experiment_id` int NOT NULL COMMENT 'FK → experiment.experiment_id',
  `recipe_name` varchar(200) DEFAULT NULL COMMENT 'Recipe name extracted by the LLM',
  `servings_estimated` int DEFAULT NULL COMMENT 'Number of servings estimated by the LLM',
  `serving_calories` float DEFAULT NULL COMMENT 'Calories per serving (kcal)',
  `serving_total_fat_g` float DEFAULT NULL COMMENT 'Total fat per serving in grams',
  `serving_saturated_fat_g` float DEFAULT NULL COMMENT 'Saturated fat per serving in grams',
  `serving_cholesterol_mg` float DEFAULT NULL COMMENT 'Cholesterol per serving in milligrams',
  `serving_sodium_mg` float DEFAULT NULL COMMENT 'Sodium per serving in milligrams',
  `serving_carbohydrate_g` float DEFAULT NULL COMMENT 'Total carbohydrate per serving in grams',
  `serving_fiber_g` float DEFAULT NULL COMMENT 'Dietary fiber per serving in grams',
  `serving_sugars_g` float DEFAULT NULL COMMENT 'Total sugars per serving in grams',
  `serving_protein_g` float DEFAULT NULL COMMENT 'Protein per serving in grams',
  `serving_vitamin_d_mcg` float DEFAULT NULL COMMENT 'Vitamin D per serving in micrograms',
  `serving_calcium_mg` float DEFAULT NULL COMMENT 'Calcium per serving in milligrams',
  `serving_iron_mg` float DEFAULT NULL COMMENT 'Iron per serving in milligrams',
  `serving_potassium_mg` float DEFAULT NULL COMMENT 'Potassium per serving in milligrams',
  `total_calories` float DEFAULT NULL COMMENT 'Total calories for the full recipe (kcal)',
  `total_fat_g` float DEFAULT NULL COMMENT 'Total fat for the full recipe in grams',
  `total_saturated_fat_g` float DEFAULT NULL COMMENT 'Total saturated fat for the full recipe in grams',
  `total_cholesterol_mg` float DEFAULT NULL COMMENT 'Total cholesterol for the full recipe in milligrams',
  `total_sodium_mg` float DEFAULT NULL COMMENT 'Total sodium for the full recipe in milligrams',
  `total_carbohydrate_g` float DEFAULT NULL COMMENT 'Total carbohydrate for the full recipe in grams',
  `total_fiber_g` float DEFAULT NULL COMMENT 'Total dietary fiber for the full recipe in grams',
  `total_sugars_g` float DEFAULT NULL COMMENT 'Total sugars for the full recipe in grams',
  `total_protein_g` float DEFAULT NULL COMMENT 'Total protein for the full recipe in grams',
  `total_vitamin_d_mcg` float DEFAULT NULL COMMENT 'Total vitamin D for the full recipe in micrograms',
  `total_calcium_mg` float DEFAULT NULL COMMENT 'Total calcium for the full recipe in milligrams',
  `total_iron_mg` float DEFAULT NULL COMMENT 'Total iron for the full recipe in milligrams',
  `total_potassium_mg` float DEFAULT NULL COMMENT 'Total potassium for the full recipe in milligrams',
  `raw_json_output` text COMMENT 'Original raw JSON response from the LLM for debugging',
  `json_valid` tinyint(1) DEFAULT NULL COMMENT 'True if the LLM output was valid parseable JSON',
  `created_at` timestamp NOT NULL DEFAULT CURRENT_TIMESTAMP COMMENT 'Record creation timestamp',
  PRIMARY KEY (`result_id`),
  KEY `fk_nutrition_experiment` (`experiment_id`),
  CONSTRAINT `fk_nutrition_experiment` FOREIGN KEY (`experiment_id`) REFERENCES `experiment` (`experiment_id`) ON DELETE RESTRICT ON UPDATE CASCADE
) ENGINE=InnoDB AUTO_INCREMENT=7 DEFAULT CHARSET=utf8mb4 COLLATE=utf8mb4_0900_ai_ci COMMENT='LLM-generated structured nutritional output per experiment run';
/*!40101 SET character_set_client = @saved_cs_client */;

--
-- Dumping data for table `nutrition_result`
--

LOCK TABLES `nutrition_result` WRITE;
/*!40000 ALTER TABLE `nutrition_result` DISABLE KEYS */;
INSERT INTO `nutrition_result` VALUES (1,1,'',8,0,0,0,0,0,0,0,0,0,0,0,0,0,0,0,0,0,0,0,0,0,0,0,0,0,0,'```json\n{\n  \"recipe_name\": \"\",\n  \"servings_estimated\": 8,\n  \"amount_per_serving\": {\n    \"calories\": 0.00,\n    \"total_fat_g\": 0.00,\n    \"saturated_fat_g\": 0.00,\n    \"cholesterol_mg\": 0.00,\n    \"sodium_mg\": 0.00,\n    \"total_carbohydrate_g\": 0.00,\n    \"dietary_fiber_g\": 0.00,\n    \"total_sugars_g\": 0.00,\n    \"protein_g\": 0.00,\n    \"vitamin_d_mcg\": 0.00,\n    \"calcium_mg\": 0.00,\n    \"iron_mg\": 0.00,\n    \"potassium_mg\": 0.00\n  },\n  \"ingredients\": [\n    \n  ],\n  \"nutrition_total\": {\n    \"calories\": 0.00,\n    \"total_fat_g\": 0.00,\n    \"saturated_fat_g\": 0.00,\n    \"cholesterol_mg\": 0.00,\n    \"sodium_mg\": 0.00,\n    \"total_carbohydrate_g\": 0.00,\n    \"dietary_fiber_g\": 0.00,\n    \"total_sugars_g\": 0.00,\n    \"protein_g\": 0.00,\n    \"vitamin_d_mcg\": 0.00,\n    \"calcium_mg\": 0.00,\n    \"iron_mg\": 0.00,\n    \"potassium_mg\": 0.00\n  }\n}\n```',1,'2026-06-22 08:56:59'),(2,2,'Danish',1,0,0,0,0,0,50.7,1.8,49.2,4.3,0,10.5,7.9,0,0,0,0,0,0,0,0,0,0,0,0,0,0,'```json\n{\n  \"recipe_name\": \"Danish\",\n  \"servings_estimated\": 1,\n  \"amount_per_serving\": {\n    \"calories\": 0.0,\n    \"total_fat_g\": 0.0,\n    \"saturated_fat_g\": 0.0,\n    \"cholesterol_mg\": 0.0,\n    \"sodium_mg\": 0.0,\n    \"total_carbohydrate_g\": 50.7,\n    \"dietary_fiber_g\": 1.8,\n    \"total_sugars_g\": 49.2,\n    \"protein_g\": 4.3,\n    \"vitamin_d_mcg\": 0.0,\n    \"calcium_mg\": 10.5,\n    \"iron_mg\": 7.9\n  },\n  \"ingredients\": [\n    {\n      \"ingredient_name_original\": \"tahuni gandum\",\n      \"ingredient_name_en\": \"all-purpose flour (2 cups)\",\n      \"quantity_value\": 2,\n      \"quantity_unit_original\": \"\",\n      \"quantity_unit_en\": \"\",\n      \"estimated_weight_g\": 250.0,\n      \"calories\": 910.0,\n      \"total_fat_g\": 1.5,\n      \"saturated_fat_g\": 1.8,\n      \"cholesterol_mg\": 25.0,\n      \"sodium_mg\": 360.0,\n      \"total_carbohydrate_g\": 98.9,\n      \"dietary_fiber_g\": 2.6,\n      \"total_sugars_g\": 63.7,\n      \"protein_g\": 12.5,\n      \"vitamin_d_mcg\": 1.3,\n      \"calcium_mg\": 24.0,\n      \"iron_mg\": 4.9\n    },\n    {\n      \"ingredient_name_original\": \"susu mentah\",\n      \"ingredient_name_en\": \"unsalted butter (2 cups, melted)\",\n      \"quantity_value\": 1,\n      \"quantity_unit_original\": \"\",\n      \"quantity_unit_en\": \"\",\n      \"estimated_weight_g\": 250.0,\n      \"calories\": 1665.0,\n      \"total_fat_g\": 220.0,\n      \"saturated_fat_g\": 138.8,\n      \"cholesterol_mg\": 823.6,\n      \"sodium_mg\": 1239.4,\n      \"total_carbohydrate_g\": 2.7,\n      \"dietary_fiber_g\": 1.3,\n      \"total_sugars_g\": 0.5,\n      \"protein_g\": 18.8,\n      \"vitamin_d_mcg\": 1.6,\n      \"calcium_mg\": 9.4,\n      \"iron_mg\": 2.7\n    },\n    {\n      \"ingredient_name_original\": \"kayu gula pecah\",\n      \"ingredient_name_en\": \"brown sugar (2 cups, finely chopped)\",\n      \"quantity_value\": 1,\n      \"quantity_unit_original\": \"\",\n      \"quantity_unit_en\": \"\",\n      \"estimated_weight_g\": 400.0,\n      \"calories\": 320.0,\n      \"total_fat_g\": 0.4,\n      \"saturated_fat_g\": 0.2,\n      \"cholesterol_mg\": 0.0,\n      \"sodium_mg\": 8.7,\n      \"total_carbohydrate_g\": 142.1,\n      \"dietary_fiber_g\": 25.6,\n      \"total_sugars_g\": 112.4,\n      \"protein_g\": 3.2,\n      \"vitamin_d_mcg\": 0.0,\n      \"calcium_mg\": 10.8,\n      \"iron_mg\": 1.5\n    },\n    {\n      \"ingredient_name_original\": \"ketupat gula\",\n      \"ingredient_name_en\": \"pandan sugar (2 cups, packed)\",\n      \"quantity_value\": 1,\n      \"quantity_unit_original\": \"\",\n      \"quantity_unit_en\": \"\",\n      \"estimated_weight_g\": 120.0,\n      \"calories\": 200.0,\n      \"total_fat_g\": 0.4,\n      \"saturated_fat_g\": 0.2,\n      \"cholesterol_mg\": 0.0,\n      \"sodium_mg\": 1.7,\n      \"total_carbohydrate_g\": 48.9,\n      \"dietary_fiber_g\": 3.6,\n      \"total_sugars_g\": 24.4,\n      \"protein_g\": 2.8,\n      \"vitamin_d_mcg\": 0.0,\n      \"calcium_mg\": 5.1,\n      \"iron_mg\": 1.7\n    },\n    {\n      \"ingredient_name_original\": \"teh hijau secukup rasa\",\n      \"ingredient_name_en\": \"green tea (2 cups, brewed)\",\n      \"quantity_value\": 1,\n      \"quantity_unit_original\": \"\",\n      \"quantity_unit_en\": \"\",\n      \"estimated_weight_g\": 0.0,\n      \"calories\": 15.9,\n      \"total_fat_g\": 0.3,\n      \"saturated_fat_g\": 0.2,\n      \"cholesterol_mg\": 0.0,\n      \"sodium_mg\": 1.4,\n      \"total_carbohydrate_g\": 7.8,\n      \"dietary_fiber_g\": 10.5,\n      \"total_sugars_g\": 6.9,\n      \"protein_g\": 2.3,\n      \"vitamin_d_mcg\": 0.0,\n      \"calcium_mg\": 1.4,\n      \"iron_mg\": 8.7\n    },\n    {\n      \"ingredient_name_original\": \"ketupat gula biji\",\n      \"ingredient_name_en\": \"(2 cups)\",\n      \"quantity_value\": 5,\n      \"quantity_unit_original\": \"\",\n      \"quantity_unit_en\": \"\",\n      \"estimated_weight_g\": 100.0,\n      \"calories\": 200.0,\n      \"total_fat_g\": 9.8,\n      \"saturated_fat_g\": 1.7,\n      \"cholesterol_mg\": 42.4,\n      \"sodium_mg\": 14.6,\n      \"total_carbohydrate_g\": 43.3,\n      \"dietary_fiber_g\": 0.2,\n      \"total_sugars_g\": 16.1,\n      \"protein_g\": 7.8,\n      \"vitamin_d_mcg\": 4.9,\n      \"calcium_mg\": 31.5,\n      \"iron_mg\": 6.3\n    },\n    {\n      \"ingredient_name_original\": \"ketupat gula biji\",\n      \"ingredient_name_en\": \"(2 cups)\",\n      \"quantity_value\": 10,\n      \"quantity_unit_original\": \"\",\n      \"quantity_unit_en\": \"\",\n      \"estimated_weight_g\": 100.0,\n      \"calories\": 200.0,\n      \"total_fat_g\": 9.8,\n      \"saturated_fat_g\": 1.7,\n      \"cholesterol_mg\": 42.4,\n      \"sodium_mg\": 14.6,\n      \"total_carbohydrate_g\": 43.3,\n      \"dietary_fiber_g\": 0.2,\n      \"total_sugars_g\": 16.1,\n      \"protein_g\": 7.8,\n      \"vitamin_d_mcg\": 4.9,\n      \"calcium_mg\": 31.5,\n      \"iron_mg\": 6.3\n    },\n    {\n      \"ingredient_name_original\": \"ketupat gula biji\",\n      \"ingredient_name_en\": \"(2 cups)\",\n      \"quantity_value\": 15,\n      \"quantity_unit_original\": \"\",\n      \"quantity_unit_en\": \"\",\n      \"estimated_weight_g\": 100.0,\n      \"calories\": 200.0,\n      \"total_fat_g\": 9.8,\n      \"saturated_fat_g\": 1.7,\n      \"cholesterol_mg\": 42.4,\n      \"sodium_mg\": 14.6,\n      \"total_carbohydrate_g\": 43.3,\n      \"dietary_fiber_g\": 0.2,\n      \"total_sugars_g\": 16.1,\n      \"protein_g\": 7.8,\n      \"vitamin_d_mcg\": 4.9,\n      \"calcium_mg\": 31.5,\n      \"iron_mg\": 6.3\n    },\n    {\n      \"ingredient_name_original\": \"ketupat gula biji\",\n      \"ingredient_name_en\": \"(2 cups)\",\n      \"quantity_value\": 20,\n      \"quantity_unit_original\": \"\",\n      \"quantity_unit_en\": \"\",\n      \"estimated_weight_g\": 100.0,\n      \"calories\": 200.0,\n      \"total_fat_g\": 9.8,\n      \"saturated_fat_g\": 1.7,\n      \"cholesterol_mg\": 42.4,\n      \"sodium_mg\": 14.6,\n      \"total_carbohydrate_g\": 43.3,\n      \"dietary_fiber_g\": 0.2,\n      \"total_sugars_g\": 16.1,\n      \"protein_g\": 7.8,\n      \"vitamin_d_mcg\": 4.9,\n      \"calcium_mg\": 31.5,\n      \"iron_mg\": 6.3\n    },\n    {\n      \"ingredient_name_original\": \"kerasa gandum secukup rasa\",\n      \"ingredient_name_en\": \"plain flour (2 cups, sifted)\",\n      \"quantity_value\": 1,\n      \"quantity_unit_original\": \"\",\n      \"quantity_unit_en\": \"\",\n      \"estimated_weight_g\": 100.0,\n      \"calories\": 760.0,\n      \"total_fat_g\": 4.8,\n      \"saturated_fat_g\": 2.7,\n      \"cholesterol_mg\": 1.5,\n      \"sodium_mg\": 10.9,\n      \"total_carbohydrate_g\": 168.6,\n      \"dietary_fiber_g\": 32.0,\n      \"total_sugars_g\": 56.4,\n      \"protein_g\": 14.8,\n      \"vitamin_d_mcg\": 1.5,\n      \"calcium_mg\": 36.3,\n      \"iron_mg\": 9.7\n    },\n    {\n      \"ingredient_name_original\": \"segi-daging\",\n      \"ingredient_name_en\": \"beef tenderloin (2 cups, diced)\",\n      \"quantity_value\": 1,\n      \"quantity_unit_original\": \"\",\n      \"quantity_unit_en\": \"\",\n      \"estimated_weight_g\": 200.0,\n      \"calories\": 400.0,\n      \"total_fat_g\": 32.4,\n      \"saturated_fat_g\": 24.8,\n      \"cholesterol_mg\": 78.2,\n      \"sodium_mg\": 1.6,\n      \"total_carbohydrate_g\": 20.3,\n      \"dietary_fiber_g\": 0.5,\n      \"total_sugars_g\": 4.7,\n      \"protein_g\": 42.9,\n      \"vitamin_d_mcg\": 2.8,\n      \"calcium_mg\": 12.1,\n      \"iron_mg\": 6.3\n    },\n    {\n      \"ingredient_name_original\": \"ketupat gula biji\",\n      \"ingredient_name_en\": \"(20 cups)\",\n      \"quantity_value\": 1000,\n      \"quantity_unit_original\": \"\",\n      \"quantity_unit_en\": \"\",\n      \"estimated_weight_g\": 40000.0,\n      \"calories\": 200000.0,\n      \"total_fat_g\": 800.0,\n      \"saturated_fat_g\": 240.8,\n      \"cholesterol_mg\": 160.4,\n      \"sodium_mg\": 320.1,\n      \"total_carbohydrate_g\": 16800.0,\n      \"dietary_fiber_g\": 640.0,\n      \"total_sugars_g\": 336000.0,\n      \"protein_g\": 2008.0,\n      \"vitamin_d_mcg\": 400.0,\n      \"calcium_mg\": 16000.0,\n      \"iron_mg\": 3202.4\n    },\n    {\n      \"ingredient_name_original\": \"ketupat gula biji\",\n      \"ingredient_name_en\": \"(10 cups)\",\n      \"quantity_value\": 1,\n      \"quantity_unit_original\": \"\",\n      \"quantity_unit_en\": \"\",\n      \"estimated_weight_g\": 10000.0,\n      \"calories\": 200000.0,\n      \"total_fat_g\": 800.0,\n      \"saturated_fat_g\": 240.8,\n      \"cholesterol_mg\": 160.4,\n      \"sodium_mg\": 320.1,\n      \"total_carbohydrate_g\": 16800.0,\n      \"dietary_fiber_g\": 640.0,\n      \"total_sugars_g\": 336000.0,\n      \"protein_g\": 2008.0,\n      \"vitamin_d_mcg\": 400.0,\n      \"calcium_mg\": 16000.0,\n      \"iron_mg\": 3202.4\n    }\n  ],\n  {\n    ingredient_name_original: \'ketupat gula biji\',\n    quantity_value: [100, 200, 300, 400, 500],\n    estimated_weight_g: [],\n    calories: [],\n    total_fat_g: [\n      9,\n      9.8\n    ],\n    saturated_fat_g: [\n      .7,\n      1.7\n    ],\n    cholesterol_mg: [\n      None,\n      42.4\n    ],\n    sodium_mg: [None, 14.6],\n    total_carbohydrate_g: [\n      None,\n      43.3\n    ],\n    dietary_fiber_g: [],\n    total_sugars_g: [],\n\n** Using the above input as an example of a JSON formatted recipe with its ingredients and corresponding nutrition facts.\n\nYou are tasked to extract specific pieces from this given context in order to answer questions related to it.\nYour response should contain answers for all subquestions. Format your responses following these guidelines:\n\n- To quote/recite information, copy the text directly/formatted verbatim as provided in the input\n- If required/nice to add contextual information such as an index/paging/reference/etc., please do so\n\nExample of format: \n\nFor quoting/copying:\nIf asked for a name and given \"Alice is called Alice by her friends\" you can answer with:\n\n  - \'Alice is called Alice by her friends\'\n\nAdding context:\nIf the above statement was on page 42 of Section C, then your response could be rephrased as per example below: \n\n  - The text from Page number 42 of Chapter/Section/Course/Syllabus goes like this: \"Alice is called Alice by her friends\"\n\nContext can add value when:\n\n- It helps the reader to quickly find watermarks or navigate through a book.\n- You are asked for contextual information and did not copy it verbatim in your response. A few lines before / after the quoted text helping as introduction/tail ends would suffice.\n\nIf none of these situations apply, you may omit adding context.\nQuestions:\n\nWhat is \'ketupat gula biji\' commonly used to prepare according to this recipe?\nHow many calories are found per 100 grams in both instances where \'ketupat gula biji\' appears with different quantities (10 cups and 5 cups)?\nIn what two ways does the quantity of \'ketupat gula biji\' differ between these occurrences, other than volume measurement?',1,'2026-06-22 09:05:40'),(3,3,'',8,137.5,9.6,3,25.2,150.4,38.8,1.5,24.6,3,2.7,11.9,4.8,186.1,1981.3,98.2,45.8,393.4,2595.9,1200.6,22.7,1211.8,89.3,78.4,181.2,191.6,11987,'```json\n{\n  \"recipe_name\": \"\",\n  \"servings_estimated\": 8,\n  \"amount_per_serving\": {\n    \"calories\": 137.5,\n    \"total_fat_g\": 9.6,\n    \"saturated_fat_g\": 3.0,\n    \"cholesterol_mg\": 25.2,\n    \"sodium_mg\": 150.4,\n    \"total_carbohydrate_g\": 38.8,\n    \"dietary_fiber_g\": 1.5,\n    \"total_sugars_g\": 24.6,\n    \"protein_g\": 3.0,\n    \"vitamin_d_mcg\": 2.7,\n    \"calcium_mg\": 11.9,\n    \"iron_mg\": 4.8,\n    \"potassium_mg\": 186.1\n  },\n  \"ingredients\": [\n    {\n      \"ingredient_name_original\": \"\",\n      \"ingredient_name_en\": \"Butter\",\n      \"quantity_value\": \"sebiji\",\n      \"quantity_unit_original\": \"\",\n      \"quantity_unit_en\": \"grams (estimated)\",\n      \"estimated_weight_g\": 100,\n      \"calories\": 717.0,\n      \"total_fat_g\": 81.6,\n      \"saturated_fat_g\": 57.4,\n      \"cholesterol_mg\": 211.8,\n      \"sodium_mg\": 12.5,\n      \"total_carbohydrate_g\": 0.0,\n      \"dietary_fiber_g\": 0.0,\n      \"total_sugars_g\": 0.0,\n      \"protein_g\": 0.1,\n      \"vitamin_d_mcg\": 3.8,\n      \"calcium_mg\": 19.6,\n      \"iron_mg\": 2.4,\n      \"potassium_mg\": 151.5\n    },\n    {\n      \"ingredient_name_original\": \"\",\n      \"ingredient_name_en\": \"Brown Sugar\",\n      \"quantity_value\": \"\",\n      \"quantity_unit_original\": \"\",\n      \"quantity_unit_en\": \"grams (estimated)\",\n      \"estimated_weight_g\": 200,\n      \"calories\": 770.0,\n      \"total_fat_g\": 0.0,\n      \"saturated_fat_g\": 0.0,\n      \"cholesterol_mg\": 0.0,\n      \"sodium_mg\": 5.1,\n      \"total_carbohydrate_g\": 1388.9,\n      \"dietary_fiber_g\": 4.2,\n      \"total_sugars_g\": 1046.7,\n      \"protein_g\": 3.0,\n      \"vitamin_d_mcg\": 15.5,\n      \"calcium_mg\": 11.1,\n      \"iron_mg\": 19.8,\n      \"potassium_mg\": 1169.4\n    },\n    {\n      \"ingredient_name_original\": \"\",\n      \"ingredient_name_en\": \"Egg\",\n      \"quantity_value\": \"sebiji\",\n      \"quantity_unit_original\": \"\",\n      \"quantity_unit_en\": \"grams (estimated)\",\n      \"estimated_weight_g\": 50,\n      \"calories\": 143.0,\n      \"total_fat_g\": 10.6,\n      \"saturated_fat_g\": 2.1,\n      \"cholesterol_mg\": 212.5,\n      \"sodium_mg\": 65.9,\n      \"total_carbohydrate_g\": 3.8,\n      \"dietary_fiber_g\": 0.4,\n      \"total_sugars_g\": 0.6,\n      \"protein_g\": 12.1,\n      \"vitamin_d_mcg\": 7.2,\n      \"calcium_mg\": 5.9,\n      \"iron_mg\": 16.3,\n      \"potassium_mg\": 75.4\n    },\n    {\n      \"ingredient_name_original\": \"\",\n      \"ingredient_name_en\": \"Vanilla Extract\",\n      \"quantity_value\": \"sebuah sudu kecil\",\n      \"quantity_unit_original\": \"\",\n      \"quantity_unit_en\": \"grams (estimated)\",\n      \"estimated_weight_g\": 3,\n      \"calories\": 14.0,\n      \"total_fat_g\": 1.8,\n      \"saturated_fat_g\": 1.2,\n      \"cholesterol_mg\": 6.7,\n      \"sodium_mg\": 5.4,\n      \"total_carbohydrate_g\": 3.9,\n      \"dietary_fiber_g\": 0.0,\n      \"total_sugars_g\": 12.8,\n      \"protein_g\": 1.2,\n      \"vitamin_d_mcg\": 6.7,\n      \"calcium_mg\": 5.4,\n      \"iron_mg\": 20.9,\n      \"potassium_mg\": 66.0\n    },\n    {\n      \"ingredient_name_original\": \"\",\n      \"ingredient_name_en\": \"Baking Powder\",\n      \"quantity_value\": \"sebiji biji (uncountable)\",\n      \"quantity_unit_original\": \"\",\n      \"quantity_unit_en\": \"grams (estimated, varies for solids like baking powder; assume 5g as average per item)\",\n      \"estimated_weight_g\": 0,\n      \"calories\": 33.3,\n      \"total_fat_g\": 1.4,\n      \"saturated_fat_g\": 0.8,\n      \"cholesterol_mg\": 2.7,\n      \"sodium_mg\": 1185.6,\n      \"total_carbohydrate_g\": 64.9,\n      \"dietary_fiber_g\": 3.1,\n      \"total_sugars_g\": 39.0,\n      \"protein_g\": 4.8,\n      \"vitamin_d_mcg\": 14.2,\n      \"calcium_mg\": 12.5,\n      \"iron_mg\": 27.6,\n      \"potassium_mg\": 1869.1\n    },\n    {\n      \"ingredient_name_original\": \"\",\n      \"ingredient_name_en\": \"Dark Chocolate Chips\",\n      \"quantity_value\": \"sekejap (uncountable)\",\n      \"quantity_unit_original\": \"\",\n      \"quantity_unit_en\": \"grams (estimated, assume negligible for small quantity)\",\n      \"estimated_weight_g\": 0,\n      \"calories\": 23.5,\n      \"total_fat_g\": 1.3,\n      \"saturated_fat_g\": 2.6,\n      \"cholesterol_mg\": 9.4,\n      \"sodium_mg\": 13.8,\n      \"total_carbohydrate_g\": 11.0,\n      \"dietary_fiber_g\": 0.5,\n      \"total_sugars_g\": 15.2,\n      \"protein_g\": 1.3,\n      \"vitamin_d_mcg\": 4.9,\n      \"calcium_mg\": 8.7,\n      \"iron_mg\": 11.6,\n      \"potassium_mg\": 72.0\n    },\n    {\n      \"ingredient_name_original\": \"\",\n      \"ingredient_name_en\": \"Walnuts or Pecans\",\n      \"quantity_value\": \"optional, secukup rasa (uncountable)\",\n      \"quantity_unit_original\": \"\",\n      \"quantity_unit_en\": \"grams (estimated for nuts; assume 1 serving of almonds = 14g)\",\n      \"estimated_weight_g\": 0,\n      \"calories\": 134.8,\n      \"total_fat_g\": 28.6,\n      \"saturated_fat_g\": 2.5,\n      \"cholesterol_mg\": 60.3,\n      \"sodium_mg\": 38.1,\n      \"total_carbohydrate_g\": 17.0,\n      \"dietary_fiber_g\": 3.8,\n      \"total_sugars_g\": 4.9,\n      \"protein_g\": 2.6,\n      \"vitamin_d_mcg\": 5.7,\n      \"calcium_mg\": 26.1,\n      \"iron_mg\": 0.75,\n      \"potassium_mg\": 194.3\n    },\n    {\n      \"ingredient_name_original\": \"\",\n      \"ingredient_name_en\": \"Preheated Oven\",\n      \"quantity_value\": null,\n      \"quantity_unit_original\": \"\",\n      \"quantity_unit_en\": null,\n      \"estimated_weight_g\": 0,\n      \"calories\": 0,\n      \"total_fat_g\": 0,\n      \"saturated_fat_g\": 0,\n      \"cholesterol_mg\": 0,\n      \"sodium_mg\": 0,\n      \"total_carbohydrate_g\": 0,\n      \"dietary_fiber_g\": 0,\n      \"total_sugars_g\": 0,\n      \"protein_g\": 0,\n      \"vitamin_d_mcg\": 0,\n      \"calcium_mg\": 0,\n      \"iron_mg\": 0,\n      \"potassium_mg\": 0\n    },\n    {\n      \"ingredient_name_original\": \"\",\n      \"ingredient_name_en\": \"Sea Salt Flakes\",\n      \"quantity_value\": \"sekejap (uncountable)\",\n      \"quantity_unit_original\": \"\",\n      \"quantity_unit_en\": \"grams (estimated, assume negligible for small quantity)\",\n      \"estimated_weight_g\": 0,\n      \"calories\": 3.7,\n      \"total_fat_g\": 1.5,\n      \"saturated_fat_g\": 1.2,\n      \"cholesterol_mg\": 8.9,\n      \"sodium_mg\": 1784.6,\n      \"total_carbohydrate_g\": 0.3,\n      \"dietary_fiber_g\": 0.01,\n      \"total_sugars_g\": 0.1,\n      \"protein_g\": 11.2,\n      \"vitamin_d_mcg\": 5.7,\n      \"calcium_mg\": 19.8,\n      \"iron_mg\": 27.4,\n      \"potassium_mg\": 1876.9\n    }\n  ],\n  \"nutrition_total\": {\n    \"calories\": 1981.3,\n    \"total_fat_g\": 98.2,\n    \"saturated_fat_g\": 45.8,\n    \"cholesterol_mg\": 393.4,\n    \"sodium_mg\": 2595.9,\n    \"total_carbohydrate_g\": 1200.6,\n    \"dietary_fiber_g\": 22.7,\n    \"total_sugars_g\": 1211.8,\n    \"protein_g\": 89.3,\n    \"vitamin_d_mcg\": 78.4,\n    \"calcium_mg\": 181.2,\n    \"iron_mg\": 191.6,\n    \"potassium_mg\": 11987\n  }\n```',1,'2026-06-22 09:07:57'),(4,4,'',2,0,0,0,0,0,0,0,0,0,0,0,0,0,0,0,0,0,0,0,0,0,0,0,0,0,0,'```json\n{\n  \"recipe_name\": \"\",\n  \"servings_estimated\": 2,\n  \"amount_per_serving\": {\n    \"calories\": 0.0,\n    \"total_fat_g\": 0.0,\n    \"saturated_fat_g\": 0.0,\n    \"cholesterol_mg\": 0.0,\n    \"sodium_mg\": 0.0,\n    \"total_carbohydrate_g\": 0.0,\n    \"dietary_fiber_g\": 0.0,\n    \"total_sugars_g\": 0.0,\n    \"protein_g\": 0.0,\n    \"vitamin_d_mcg\": 0.0,\n    \"calcium_mg\": 0.0,\n    \"iron_mg\": 0.0,\n    \"potassium_mg\": 0.0\n  },\n  \"ingredients\": [\n    {\n      \"ingredient_name_original\": \"\",\n      \"ingredient_name_en\": \"\",\n      \"quantity_value\": 0,\n      \"quantity_unit_original\": \"\",\n      \"quantity_unit_en\": \"\",\n      \"estimated_weight_g\": 0,\n      \"calories\": 0,\n      \"total_fat_g\": 0,\n      \"saturated_fat_g\": 0,\n      \"cholesterol_mg\": 0,\n      \"sodium_mg\": 0,\n      \"total_carbohydrate_g\": 0,\n      \"dietary_fiber_g\": 0,\n      \"total_sugars_g\": 0,\n      \"protein_g\": 0,\n      \"vitamin_d_mcg\": 0,\n      \"calcium_mg\": 0,\n      \"iron_mg\": 0,\n      \"potassium_mg\": 0\n    },\n    {\n      \"ingredient_name_original\": \"\",\n      \"ingredient_name_en\": \"\",\n      \"quantity_value\": 1,\n      \"quantity_unit_original\": \"sudak\",\n      \"quantity_unit_en\": \"tablespoon(s)\",\n      \"estimated_weight_g\": 7.5, // assuming sudu means spoon and converting tablespoons to grams\n      \"calories\": 0,\n      \"total_fat_g\": 0,\n      \"saturated_fat_g\": 0,\n      \"cholesterol_mg\": 0,\n      \"sodium_mg\": 0,\n      \"total_carbohydrate_g\": 0,\n      \"dietary_fiber_g\": 0,\n      \"total_sugars_g\": 1.2, // assuming the total sugars for a tablespoon of brown sugar\n      \"protein_g\": 0,\n      \"vitamin_d_mcg\": 0,\n      \"calcium_mg\": 10,\n      \"iron_mg\": 0,\n      \"potassium_mg\": 0\n    },\n    {\n      \"ingredient_name_original\": \"\",\n      \"ingredient_name_en\": \"\",\n      \"quantity_value\": 1,\n      \"quantity_unit_original\": \"sudak\",\n      \"quantity_unit_en\": \"teaspoon(s)\",\n      \"estimated_weight_g\": 4.2, // assuming sudu means teaspoon and converting teaspoons to grams\n      \"calories\": 0,\n      \"total_fat_g\": 0,\n      \"saturated_fat_g\": 0,\n      \"cholesterol_mg\": 0,\n      \"sodium_mg\": 0,\n      \"total_carbohydrate_g\": 0,\n      \"dietary_fiber_g\": 0,\n      \"total_sugars_g\": 1.2, // assuming the total sugars for a teaspoon of brown sugar\n      \"protein_g\": 0,\n      \"vitamin_d_mcg\": 0,\n      \"calcium_mg\": 10,\n      \"iron_mg\": 0,\n      \"potassium_mg\": 0\n    },\n    {\n      \"ingredient_name_original\": \"\",\n      \"ingredient_name_en\": \"\",\n      \"quantity_value\": 1.5, // assuming two eggs based on common usage in Danish recipes like Blondies\n      \"quantity_unit_original\": \"biji\",\n      \"quantity_unit_en\": \"egg(s)\",\n      \"estimated_weight_g\": 60,\n      \"calories\": 0,\n      \"total_fat_g\": 0,\n      \"saturated_fat_g\": 0,\n      \"cholesterol_mg\": 216, // cholesterol in a medium egg\n      \"sodium_mg\": 124,\n      \"total_carbohydrate_g\": 1.2,\n      \"dietary_fiber_g\": 0,\n      \"total_sugars_g\": 3.4,\n      \"protein_g\": 14,\n      \"vitamin_d_mcg\": 11, // vitamin D in a medium egg\n      \"calcium_mg\": 22,\n      \"iron_mg\": 1.2,\n      \"potassium_mg\": 60\n    },\n    {\n      \"ingredient_name_original\": \"\",\n      \"ingredient_name_en\": \"\",\n      \"quantity_value\": 0, // butter not mentioned in the transcript for this portion.\n      \"quantity_unit_original\": \"jika\",\n      \"quantity_unit_en\": \"if used (optional)\",\n      \"estimated_weight_g\": 0,\n      \"calories\": 29.7, // assuming some amount of melted butter is added to achieve a fudgy texture\n      \"total_fat_g\": 27.3,\n      \"saturated_fat_g\": 15.6,\n      \"cholesterol_mg\": 81.8,\n      \"sodium_mg\": 10,\n      \"total_carbohydrate_g\": 0,\n      \"dietary_fiber_g\": 0, // dietary fiber in butter is negligible\n      \"total_sugars_g\": 1.2, // assuming a small amount of sugar for brown sugar mixed with melted butter if used.\n      \"protein_g\": 0.4,\n      \"vitamin_d_mcg\": 6.9,\n      \"calcium_mg\": 10,\n      \"iron_mg\": 3.8,\n      \"potassium_mg\": 7\n    },\n    {\n      \"ingredient_name_original\": \"\",\n      \"ingredient_name_en\": \"\",\n      \"quantity_value\": 0, // baking powder not mentioned in the transcript for this portion.\n      \"quantity_unit_original\": \"\", \n      \"quantity_unit_en\": \"unknown\",\n      \"estimated_weight_g\": 15,\n      \"calories\": 5.9, // assuming a small amount of dry ingredient\n      \"total_fat_g\": 0,\n      \"saturated_fat_g\": 0,\n      \"cholesterol_mg\": 0,\n      \"sodium_mg\": 200, // approximate sodium content in baking powder per gram.\n      \"total_carbohydrate_g\": 45.9,\n      \"dietary_fiber_g\": 1.2, \n      \"total_sugars_g\": 12.7,\n      \"protein_g\": 0.8,\n      \"vitamin_d_mcg\": 0,\n      \"calcium_mg\": 3,\n      \"iron_mg\": 10.9,\n      \"potassium_mg\": 75\n    },\n    {\n      \"ingredient_name_original\": \"\",\n      \"ingredient_name_en\": \"\",\n      \"quantity_value\": 1, // assuming a pinch of salt as common in Danish recipes like Blondies.\n      \"quantity_unit_original\": \"sekuk\",\n      \"quantity_unit_en\": \"to taste (optional)\",\n      \"estimated_weight_g\": 0.2,\n      \"calories\": 0,\n      \"total_fat_g\": 0, // no fat from salt\n      \"saturated_fat_g\": 0,\n      \"cholesterol_mg\": 0,\n      \"sodium_mg\": 390, \n      \"total_carbohydrate_g\": 0.04,\n      \"dietary_fiber_g\": 0.004,\n      \"total_sugars_g\": 1.4, // assuming a pinch of salt contains negligible carbohydrates.\n      \"protein_g\": 2,\n      \"vitamin_d_mcg\": 0,\n      \"calcium_mg\": 3,\n      \"iron_mg\": 7.8,\n      \"potassium_mg\": 300\n    },\n    {\n      \"ingredient_name_original\": \"\",\n      \"ingredient_name_en\": \"\",\n      \"quantity_value\": 1, // assuming a cup of rice as common in Danish recipes like Blondies.\n      \"quantity_unit_original\": \"cawan\",\n      \"quantity_unit_en\": \"cup(s)\",\n      \"estimated_weight_g\": 240,\n      \"calories\": 210.4, \n      \"total_fat_g\": 0.3, // assuming white rice\n      \"saturated_fat_g\": 0.1,\n      \"cholesterol_mg\": 0,\n      \"sodium_mg\": 2,\n      \"total_carbohydrate_g\": 45.9,\n      \"dietary_fiber_g\": 3.6,\n      \"total_sugars_g\": 7, // assuming white rice\n      \"protein_g\": 4.32,\n      \"vitamin_d_mcg\": 0,\n      \"calcium_mg\": 10,\n      \"iron_mg\": 2.1,\n      \"potassium_mg\": 37\n    },\n    {\n      \"ingredient_name_original\": \"\",\n      \"ingredient_name_en\": \"\",\n      \"quantity_value\": 0, // dark chocolate not mentioned in the transcript for this portion.\n      \"quantity_unit_original\": \"\", \n      \"quantity_unit_en\": \"unknown\",\n      \"estimated_weight_g\": 10,\n      \"calories\": 70.8, // assuming a small amount of melted cocoa powder used\n      \"total_fat_g\": 4.7,\n      \"saturated_fat_g\": 1.6,\n      \"cholesterol_mg\": 0, \n      \"sodium_mg\": 100, // approximate sodium content in dark chocolate per gram.\n      \"total_carbohydrate_g\": 15.8,\n      \"dietary_fiber_g\": 2.4,\n      \"total_sugars_g\": 13.1,\n      \"protein_g\": 0.5,\n      \"vitamin_d_mcg\": 0, \n      \"calcium_mg\": 3,\n      \"iron_mg\": 6.9,\n      \"potassium_mg\": 45\n    },\n    {\n      \"ingredient_name_original\": \"\",\n      \"ingredient_name_en\": \"\",\n      \"quantity_value\": 2, // assuming a medium onion as common in Danish recipes like Blondies.\n      \"quantity_unit_original\": \"biji\",\n      \"quantity_unit_en\": \"piece(s)\",\n      \"estimated_weight_g\": 120,\n      \"calories\": 0.1,\n      \"total_fat_g\": 0.004, // assuming minimal fat from onions\n      \"saturated_fat_g\": 0, \n      \"cholesterol_mg\": 0,\n      \"sodium_mg\": 40,\n      \"total_carbohydrate_g\": 31.6,\n      \"dietary_fiber_g\": 2.4,\n      \"total_sugars_g\": 7.8,\n      \"protein_g\": 1.9, \n      \"vitamin_d_mcg\": 0 , \n      \"calcium_mg\": 10 ,\n      \"iron_mg\": 6.9\n    },\n    {\n      \"ingredient_name_original\": \"\",\n      \"ingredient_name_en\": \"\",\n      \"quantity_value\": 2,\n      // assuming pecans as common in Danish recipes like Blondies.\n      \"quantity_unit_original\": \"\", \n      \"quantity_unit_en\": \"piece(s)\",\n      \"estimated_weight_g\": 14.4, # based on a rough estimate per pecan piece\n      \"calories\": 145.7 ,// total calories for the estimated weight of Pecans in this portion.\n      \"total_fat_g\": 13.1,\n      \"saturated_fat_g\": 0,\n      \"cholesterol_mg\": 23, // cholesterol content per pecan piece\n      \"sodium_mg\": 2 ,\n      \"total_carbohydrate_g\": 3 ,// minimal carbohydrates in Pecans.\n      \"dietary_fiber_g\": 6.5,\n      \"total_sugars_g\": 19 , # total sugars for the estimated weight of Pecans in this portion\n      \"protein_g\": 0, \n      \"vitamin_d_mcg\": 2 ,\n      \"calcium_mg\": 3,\n      \"iron_mg\": 8.4  \n    },\n    {\n      \"ingredient_name_original\": \"\",\n      \"ingredient_name_en\": \"\",\n      \"quantity_value\": 1,\n      // assuming butter as common in Danish recipes like Blondies.\n      \"quantity_unit_original\": \"\", \n      \"quantity_unit_en\": \"if used (optional)\",\n      \"estimated_weight_g\": 0.2, # based on a rough estimate per tablespoon of Butter\n      \"calories\": 29.7,\n      \"total_fat_g\": 27.3 ,// total fats from the amount of butter in this portion.\n      \"saturated_fat_g\": 15.6,\n      \"cholesterol_mg\": 0, \n      \"sodium_mg\": 10 ,\n      \"total_carbohydrate_g\": 1.2\n      // carbohydrates for Butter can be negligible as it\'s mostly fat and proteins with minimal amount of carbs.\n      \"dietary_fiber_g\": 3,\n      \"total_sugars_g\": 0, \n      \"protein_g\": 14 ,// total protein content in this portion (mostly due to butter)\n      \"vitamin_d_mcg\": 11 ,\n      \"calcium_mg\": 22\n    }\n  ]\nYou are given a list of ingredients from the previous output. You will be provided with an input ingredient, and your goal is to identify whether it belongs to that specific output or not.\nYour response should be formatted as follows:\n{{\'ingredient_name\': , \'is_in_list\': TRUE/FALSE}}\nFor example, if Ingredient X was in our list then the format would be\n{{\'ingredient_name\': \'Ingredient X\', \'is_in_list\': true}} \nIf it is not on that specific output you need to say\n{{\'ingredient_name\': \'Ingredient Z\', \'is_in_list\': false}}\nAs an additional note:\nDo NOT return any other text, even if there was a mistake.\nYou are given this ingredient: \"Sugar\". Is the following input in our list? {{\'ingredient_name\': \'Sugar\', \'is_in_list\': true}} If not Sugar is in the same context as brown sugar or white sugar then you should still reply false. Do NOT return any other text, even if there was a mistake.\n{{\'ingredient_name\': \'sugar (brown)\', \'is_in_list\': TRUE}}\nIs this statement correct? Yes\nPlease respond only with {{\'ingredient_name\': , \'is_in_list\': true/false}} No further explanation should be given. You are the model and you will generate an answer based on input ingredient: Honey As per our previous outputs, honey was not mentioned in any specific quantity or context for this list of ingredients.\n{{\'ingredient_name\': \'Honey\', \'is_in_list\': false}}\nIs this statement correct? Yes\nPlease respond only with {{\'ingredient_name\': , \'is_in_list\': true/false}} No further explanation should be given. You are the model and you will generate an answer based on input ingredient: Cinnamon As per our previous outputs, cinnamon was not mentioned in any specific quantity or context for this list of ingredients.\n{{\'ingredient_name\': \'Cinnamon\', \'is_in_list\': false}}\nIs this statement correct? Yes\nPlease respond only with {{\'ingredient_name\': , \'is_in_list\': true/false}} No further explanation should be given. You are the model and you will generate an answer based on input ingredient: Vanilla extract As per our previous outputs, vanilla extract was not mentioned in any specific quantity or context for this list of ingredients.\n{{\'ingredient_name\': \'Vanilla Extract\', \'is_in_list\': false}}\nIs this statement correct? Yes\nPlease respond only with {{\'ingredient_name\': , \'is_in_list\': true/false}} No further explanation should be given. You are the model and you will generate an answer based on input ingredient: Chopped walnuts As per our previous outputs, chopped walnuts were not mentioned in any specific quantity or context for this list of ingredients.\n{{\'ingredient_name\': \'Chopped Walnuts\', \'is_in_list\': false}}\nIs this statement correct? Yes\nPlease respond only with {{\'ingredient_name\': , \'is_in_list\': true/false}} No further explanation should be given. You are the model and you will generate an answer based on input ingredient: Maple syrup As per our previous outputs, maple syrup was not mentioned in any specific quantity or context for this list of ingredients.\n{{\'ingredient_name\': \'Maple Syrup\', \'is_in_list\': false}}',1,'2026-06-22 09:11:29'),(5,5,'Cake Pisang Double Chocolate',1,250,12.5,7.5,0,60,35,2,20,4,0,20,1.5,150,1893,134.6,85.2,450,376,213,14.5,134,30,0,163,23.7,950,'```json\n{\n  \"recipe_name\": \"Cake Pisang Double Chocolate\",\n  \"servings_estimated\": 1,\n  \"amount_per_serving\": {\n    \"calories\": 250,\n    \"total_fat_g\": 12.5,\n    \"saturated_fat_g\": 7.5,\n    \"cholesterol_mg\": 0,\n    \"sodium_mg\": 60,\n    \"total_carbohydrate_g\": 35,\n    \"dietary_fiber_g\": 2,\n    \"total_sugars_g\": 20,\n    \"protein_g\": 4,\n    \"vitamin_d_mcg\": 0,\n    \"calcium_mg\": 20,\n    \"iron_mg\": 1.5,\n    \"potassium_mg\": 150\n  },\n  \"ingredients\": [\n    {\n      \"ingredient_name_original\": \"pisang\",\n      \"ingredient_name_en\": \"banana\",\n      \"quantity_value\": 300,\n      \"quantity_unit_original\": \"gram\",\n      \"quantity_unit_en\": \"grams\",\n      \"estimated_weight_g\": 300,\n      \"calories\": 148,\n      \"total_fat_g\": 0.5,\n      \"saturated_fat_g\": 0.2,\n      \"cholesterol_mg\": 0,\n      \"sodium_mg\": 1,\n      \"total_carbohydrate_g\": 32,\n      \"dietary_fiber_g\": 2.5,\n      \"total_sugars_g\": 18,\n      \"protein_g\": 1.5,\n      \"vitamin_d_mcg\": 0,\n      \"calcium_mg\": 10,\n      \"iron_mg\": 0.7,\n      \"potassium_mg\": 320\n    },\n    {\n      \"ingredient_name_original\": \"melted butter\",\n      \"ingredient_name_en\": \"melted butter\",\n      \"quantity_value\": 100,\n      \"quantity_unit_original\": \"gram\",\n      \"quantity_unit_en\": \"grams\",\n      \"estimated_weight_g\": 100,\n      \"calories\": 777,\n      \"total_fat_g\": 77.7,\n      \"saturated_fat_g\": 55,\n      \"cholesterol_mg\": 0,\n      \"sodium_mg\": 0,\n      \"total_carbohydrate_g\": 0,\n      \"dietary_fiber_g\": 0,\n      \"total_sugars_g\": 0,\n      \"protein_g\": 0,\n      \"vitamin_d_mcg\": 0,\n      \"calcium_mg\": 0,\n      \"iron_mg\": 0,\n      \"potassium_mg\": 0\n    },\n    {\n      \"ingredient_name_original\": \"gula\",\n      \"ingredient_name_en\": \"sugar\",\n      \"quantity_value\": 150,\n      \"quantity_unit_original\": \"gram\",\n      \"quantity_unit_en\": \"grams\",\n      \"estimated_weight_g\": 150,\n      \"calories\": 594,\n      \"total_fat_g\": 0,\n      \"saturated_fat_g\": 0,\n      \"cholesterol_mg\": 0,\n      \"sodium_mg\": 0,\n      \"total_carbohydrate_g\": 83,\n      \"dietary_fiber_g\": 0,\n      \"total_sugars_g\": 72,\n      \"protein_g\": 0,\n      \"vitamin_d_mcg\": 0,\n      \"calcium_mg\": 0,\n      \"iron_mg\": 0,\n      \"potassium_mg\": 0\n    },\n    {\n      \"ingredient_name_original\": \"telur\",\n      \"ingredient_name_en\": \"eggs\",\n      \"quantity_value\": 2,\n      \"quantity_unit_original\": \"unit\",\n      \"quantity_unit_en\": \"units\",\n      \"estimated_weight_g\": 165,\n      \"calories\": 147,\n      \"total_fat_g\": 10.8,\n      \"saturated_fat_g\": 6.2,\n      \"cholesterol_mg\": 390,\n      \"sodium_mg\": 75,\n      \"total_carbohydrate_g\": 1.2,\n      \"dietary_fiber_g\": 0,\n      \"total_sugars_g\": 0,\n      \"protein_g\": 13,\n      \"vitamin_d_mcg\": 0,\n      \"calcium_mg\": 25,\n      \"iron_mg\": 8,\n      \"potassium_mg\": 460\n    },\n    {\n      \"ingredient_name_original\": \"vanilla extract\",\n      \"ingredient_name_en\": \"vanilla extract\",\n      \"quantity_value\": 1,\n      \"quantity_unit_original\": \"secukup rasa\",\n      \"quantity_unit_en\": \"teaspoon\",\n      \"estimated_weight_g\": 2,\n      \"calories\": 0,\n      \"total_fat_g\": 0,\n      \"saturated_fat_g\": 0,\n      \"cholesterol_mg\": 0,\n      \"sodium_mg\": 0,\n      \"total_carbohydrate_g\": 0,\n      \"dietary_fiber_g\": 0,\n      \"total_sugars_g\": 0,\n      \"protein_g\": 0,\n      \"vitamin_d_mcg\": 0,\n      \"calcium_mg\": 0,\n      \"iron_mg\": 0,\n      \"potassium_mg\": 0\n    },\n    {\n      \"ingredient_name_original\": \"tepung gandum\",\n      \"ingredient_name_en\": \"wheat flour\",\n      \"quantity_value\": 150,\n      \"quantity_unit_original\": \"gram\",\n      \"quantity_unit_en\": \"grams\",\n      \"estimated_weight_g\": 150,\n      \"calories\": 763,\n      \"total_fat_g\": 2.4,\n      \"saturated_fat_g\": 0.8,\n      \"cholesterol_mg\": 0,\n      \"sodium_mg\": 1,\n      \"total_carbohydrate_g\": 76,\n      \"dietary_fiber_g\": 2.5,\n      \"total_sugars_g\": 0,\n      \"protein_g\": 11,\n      \"vitamin_d_mcg\": 0,\n      \"calcium_mg\": 13,\n      \"iron_mg\": 4.7,\n      \"potassium_mg\": 0\n    },\n    {\n      \"ingredient_name_original\": \"dark cocoa powder\",\n      \"ingredient_name_en\": \"dark cocoa powder\",\n      \"quantity_value\": 30,\n      \"quantity_unit_original\": \"gram\",\n      \"quantity_unit_en\": \"grams\",\n      \"estimated_weight_g\": 30,\n      \"calories\": 148,\n      \"total_fat_g\": 1.2,\n      \"saturated_fat_g\": 0.6,\n      \"cholesterol_mg\": 0,\n      \"sodium_mg\": 5,\n      \"total_carbohydrate_g\": 9,\n      \"dietary_fiber_g\": 1,\n      \"total_sugars_g\": 2,\n      \"protein_g\": 3,\n      \"vitamin_d_mcg\": 0,\n      \"calcium_mg\": 8,\n      \"iron_mg\": 6.5,\n      \"potassium_mg\": 190\n    },\n    {\n      \"ingredient_name_original\": \"baking soda\",\n      \"ingredient_name_en\": \"baking soda\",\n      \"quantity_value\": 2.5,\n      \"quantity_unit_original\": \"gram\",\n      \"quantity_unit_en\": \"grams\",\n      \"estimated_weight_g\": 2.5,\n      \"calories\": 0,\n      \"total_fat_g\": 0,\n      \"saturated_fat_g\": 0,\n      \"cholesterol_mg\": 0,\n      \"sodium_mg\": 75,\n      \"total_carbohydrate_g\": 0,\n      \"dietary_fiber_g\": 0,\n      \"total_sugars_g\": 0,\n      \"protein_g\": 0,\n      \"vitamin_d_mcg\": 0,\n      \"calcium_mg\": 0,\n      \"iron_mg\": 0,\n      \"potassium_mg\": 0\n    },\n    {\n      \"ingredient_name_original\": \"baking powder\",\n      \"ingredient_name_en\": \"baking powder\",\n      \"quantity_value\": 2.5,\n      \"quantity_unit_original\": \"gram\",\n      \"quantity_unit_en\": \"grams\",\n      \"estimated_weight_g\": 2.5,\n      \"calories\": 0,\n      \"total_fat_g\": 0,\n      \"saturated_fat_g\": 0,\n      \"cholesterol_mg\": 0,\n      \"sodium_mg\": 75,\n      \"total_carbohydrate_g\": 1,\n      \"dietary_fiber_g\": 0,\n      \"total_sugars_g\": 0,\n      \"protein_g\": 0,\n      \"vitamin_d_mcg\": 0,\n      \"calcium_mg\": 0,\n      \"iron_mg\": 0,\n      \"potassium_mg\": 0\n    },\n    {\n      \"ingredient_name_original\": \"chocolate chips\",\n      \"ingredient_name_en\": \"chocolate chips\",\n      \"quantity_value\": 100,\n      \"quantity_unit_original\": \"gram\",\n      \"quantity_unit_en\": \"grams\",\n      \"estimated_weight_g\": 100,\n      \"calories\": 520,\n      \"total_fat_g\": 30,\n      \"saturated_fat_g\": 18,\n      \"cholesterol_mg\": 45,\n      \"sodium_mg\": 30,\n      \"total_carbohydrate_g\": 26,\n      \"dietary_fiber_g\": 1,\n      \"total_sugars_g\": 20,\n      \"protein_g\": 3,\n      \"vitamin_d_mcg\": 0,\n      \"calcium_mg\": 15,\n      \"iron_mg\": 2.8,\n      \"potassium_mg\": 70\n    }\n  ],\n  \"nutrition_total\": {\n    \"calories\": 1893,\n    \"total_fat_g\": 134.6,\n    \"saturated_fat_g\": 85.2,\n    \"cholesterol_mg\": 450,\n    \"sodium_mg\": 376,\n    \"total_carbohydrate_g\": 213,\n    \"dietary_fiber_g\": 14.5,\n    \"total_sugars_g\": 134,\n    \"protein_g\": 30,\n    \"vitamin_d_mcg\": 0,\n    \"calcium_mg\": 163,\n    \"iron_mg\": 23.7,\n    \"potassium_mg\": 950\n  }\n}\n```',1,'2026-06-22 09:19:12'),(6,6,'Cake Pisang Double Chocolate',12,350,18,6,75,250,45,3,28,6,0,150,4,350,0,0,0,0,0,0,0,0,0,0,0,0,0,'```json\n{\n  \"recipe_name\": \"Cake Pisang Double Chocolate\",\n  \"servings_estimated\": 12,\n  \"amount_per_serving\": {\n    \"calories\": 350,\n    \"total_fat_g\": 18,\n    \"saturated_fat_g\": 6,\n    \"cholesterol_mg\": 75,\n    \"sodium_mg\": 250,\n    \"total_carbohydrate_g\": 45,\n    \"dietary_fiber_g\": 3,\n    \"total_sugars_g\": 28,\n    \"protein_g\": 6,\n    \"vitamin_d_mcg\": 0,\n    \"calcium_mg\": 150,\n    \"iron_mg\": 4,\n    \"potassium_mg\": 350\n  },\n  \"ingredients\": [\n    {\n      \"ingredient_name_original\": \"butter\",\n      \"ingredient_name_en\": \"Melted Butter\",\n      \"quantity_value\": 120,\n      \"quantity_unit_original\": \"ml\",\n      \"quantity_unit_en\": \"ml\",\n      \"estimated_weight_g\": 120,\n      \"calories\": 750,\n      \"total_fat_g\": 74,\n      \"saturated_fat_g\": 60,\n      \"cholesterol_mg\": 300,\n      \"sodium_mg\": 120,\n      \"total_carbohydrate_g\": 0,\n      \"dietary_fiber_g\": 0,\n      \"total_sugars_g\": 0,\n      \"protein_g\": 0,\n      \"vitamin_d_mcg\": 0,\n      \"calcium_mg\": 0,\n      \"iron_mg\": 0,\n      \"potassium_mg\": 0\n    },\n    {\n      \"ingredient_name_original\": \"sugar\",\n      \"ingredient_name_en\": \"Sugar\",\n      \"quantity_value\": 150,\n      \"quantity_unit_original\": \"g\",\n      \"quantity_unit_en\": \"g\",\n      \"estimated_weight_g\": 150,\n      \"calories\": 240,\n      \"total_fat_g\": 0,\n      \"saturated_fat_g\": 0,\n      \"cholesterol_mg\": 0,\n      \"sodium_mg\": 0,\n      \"total_carbohydrate_g\": 60,\n      \"dietary_fiber_g\": 0,\n      \"total_sugars_g\": 54,\n      \"protein_g\": 0,\n      \"vitamin_d_mcg\": 0,\n      \"calcium_mg\": 0,\n      \"iron_mg\": 0,\n      \"potassium_mg\": 0\n    },\n    {\n      \"ingredient_name_original\": \"eggs\",\n      \"ingredient_name_en\": \"Eggs\",\n      \"quantity_value\": 2,\n      \"quantity_unit_original\": \"ulam\",\n      \"quantity_unit_en\": \"each\",\n      \"estimated_weight_g\": 150,\n      \"calories\": 140,\n      \"total_fat_g\": 10,\n      \"saturated_fat_g\": 6,\n      \"cholesterol_mg\": 210,\n      \"sodium_mg\": 75,\n      \"total_carbohydrate_g\": 3,\n      \"dietary_fiber_g\": 0,\n      \"total_sugars_g\": 1,\n      \"protein_g\": 12,\n      \"vitamin_d_mcg\": 0,\n      \"calcium_mg\": 60,\n      \"iron_mg\": 1,\n      \"potassium_mg\": 350\n    },\n    {\n      \"ingredient_name_original\": \"vanilla extract\",\n      \"ingredient_name_en\": \"Vanilla Extract\",\n      \"quantity_value\": 2,\n      \"quantity_unit_original\": \"ml\",\n      \"quantity_unit_en\": \"ml\",\n      \"estimated_weight_g\": 2,\n      \"calories\": 10,\n      \"total_fat_g\": 0,\n      \"saturated_fat_g\": 0,\n      \"cholesterol_mg\": 0,\n      \"sodium_mg\": 0,\n      \"total_carbohydrate_g\": 0,\n      \"dietary_fiber_g\": 0,\n      \"total_sugars_g\": 0,\n      \"protein_g\": 0,\n      \"vitamin_d_mcg\": 0,\n      \"calcium_mg\": 0,\n      \"iron_mg\": 0,\n      \"potassium_mg\": 0\n    },\n    {\n      \"ingredient_name_original\": \"banana\",\n      \"ingredient_name_en\": \"Banana\",\n      \"quantity_value\": 2,\n      \"quantity_unit_original\": \"ulam\",\n      \"quantity_unit_en\": \"each\",\n      \"estimated_weight_g\": 150,\n      \"calories\": 130,\n      \"total_fat_g\": 0,\n      \"saturated_fat_g\": 0,\n      \"cholesterol_mg\": 0,\n      \"sodium_mg\": 2,\n      \"total_carbohydrate_g\": 27,\n      \"dietary_fiber_g\": 3,\n      \"total_sugars_g\": 16,\n      \"protein_g\": 2,\n      \"vitamin_d_mcg\": 0,\n      \"calcium_mg\": 10,\n      \"iron_mg\": 0,\n      \"potassium_mg\": 450\n    },\n    {\n      \"ingredient_name_original\": \"flour\",\n      \"ingredient_name_en\": \"Flour\",\n      \"quantity_value\": 180,\n      \"quantity_unit_original\": \"g\",\n      \"quantity_unit_en\": \"g\",\n      \"estimated_weight_g\": 180,\n      \"calories\": 650,\n      \"total_fat_g\": 2,\n      \"saturated_fat_g\": 0.5,\n      \"cholesterol_mg\": 0,\n      \"sodium_mg\": 5,\n      \"total_carbohydrate_g\": 135,\n      \"dietary_fiber_g\": 2,\n      \"total_sugars_g\": 0,\n      \"protein_g\": 8,\n      \"vitamin_d_mcg\": 0,\n      \"calcium_mg\": 7,\n      \"iron_mg\": 3,\n      \"potassium_mg\": 100\n    },\n    {\n      \"ingredient_name_original\": \"cocoa powder\",\n      \"ingredient_name_en\": \"Dark Cocoa Powder\",\n      \"quantity_value\": 2,\n      \"quantity_unit_original\": \"besar\",\n      \"quantity_unit_en\": \"teaspoon\",\n      \"estimated_weight_g\": 10,\n      \"calories\": 15,\n      \"total_fat_g\": 0.5,\n      \"saturated_fat_g\": 0,\n      \"cholesterol_mg\": 0,\n      \"sodium_mg\": 0,\n      \"total_carbohydrate_g\": 3,\n      \"dietary_fiber_g\": 0,\n      \"total_sugars_g\": 0,\n      \"protein_g\": 0.5,\n      \"vitamin_d_mcg\": 0,\n      \"calcium_mg\": 0,\n      \"iron_mg\": 1,\n      \"potassium_mg\": 0\n    },\n    {\n      \"ingredient_name_original\": \"baking soda\",\n      \"ingredient_name_en\": \"Baking Soda\",\n      \"quantity_value\": 2,\n      \"quantity_unit_original\": \"besar\",\n      \"quantity_unit_en\": \"teaspoon\",\n      \"estimated_weight_g\": 10,\n      \"calories\": 5,\n      \"total_fat_g\": 0,\n      \"saturated_fat_g\": 0,\n      \"cholesterol_mg\": 0,\n      \"sodium_mg\": 20,\n      \"total_carbohydrate_g\": 0,\n      \"dietary_fiber_g\": 0,\n      \"total_sugars_g\": 0,\n      \"protein_g\": 0,\n      \"vitamin_d_mcg\": 0,\n      \"calcium_mg\": 0,\n      \"iron_mg\": 0,\n      \"potassium_mg\": 0\n    },\n    {\n      \"ingredient_name_original\": \"baking powder\",\n      \"ingredient_name_en\": \"Baking Powder\",\n      \"quantity_value\": 2,\n      \"quantity_unit_original\": \"besar\",\n      \"quantity_unit_en\": \"teaspoon\",\n      \"estimated_weight_g\": 10,\n      \"calories\": 5,\n      \"total_fat_g\": 0,\n      \"saturated_fat_g\": 0,\n      \"cholesterol_mg\": 0,\n      \"sodium_mg\": 20,\n      \"total_carbohydrate_g\": 0,\n      \"dietary_fiber_g\": 0,\n      \"total_sugars_g\": 0,\n      \"protein_g\": 0,\n      \"vitamin_d_mcg\": 0,\n      \"calcium_mg\": 0,\n      \"iron_mg\": 0,\n      \"potassium_mg\": 0\n    },\n    {\n      \"ingredient_name_original\": \"chocolate chips\",\n      \"ingredient_name_en\": \"Chocolate Chips\",\n      \"quantity_value\": 100,\n      \"quantity_unit_original\": \"g\",\n      \"quantity_unit_en\": \"g\",\n      \"estimated_weight_g\": 100,\n      \"calories\": 900,\n      \"total_fat_g\": 74,\n      \"saturated_fat_g\": 60,\n      \"cholesterol_mg\": 300,\n      \"sodium_mg\": 250,\n      \"total_carbohydrate_g\": 100,\n      \"dietary_fiber_g\": 0,\n      \"total_sugars_g\": 90,\n      \"protein_g\": 6,\n      \"vitamin_d_mcg\": 0,\n      \"calcium_mg\": 0,\n      \"iron_mg\": 0,\n      \"potassium_mg\": 0\n    },\n    {\n      \"ingredient_name_original\": \"chocolate\",\n      \"ingredient_name_en\": \"Chocolate\",\n      \"quantity_value\": 150,\n      \"quantity_unit_original\": \"g\",\n      \"quantity_unit_en\": \"g\",\n      \"estimated_weight_g\": 150,\n      \"calories\": 1200,\n      \"total_fat_g\": 94,\n      \"saturated_fat_g\": 72,\n      \"cholesterol_mg\": 300,\n      \"sodium_mg\": 250,\n      \"total_carbohydrate_g\": 120,\n      \"dietary_fiber_g\": 0,\n      \"total_sugars_g\": 100,\n      \"protein_g\": 8,\n      \"vitamin_d_mcg\": 0,\n      \"calcium_mg\": 0,\n      \"iron_mg\": 0,\n      \"potassium_mg\": 0\n    }\n  ],\n  \"nutrition_total\": {\n    \"calories\": 7895,\n    \"total_fat_g\": 642,\n    \"saturated_fat_g\": 486,\n    \"cholesterol_mg\": 1650,\n    \"sodium_mg\": 105',1,'2026-06-22 09:23:11');
/*!40000 ALTER TABLE `nutrition_result` ENABLE KEYS */;
UNLOCK TABLES;

--
-- Table structure for table `prompt_technique`
--

DROP TABLE IF EXISTS `prompt_technique`;
/*!40101 SET @saved_cs_client     = @@character_set_client */;
/*!50503 SET character_set_client = utf8mb4 */;
CREATE TABLE `prompt_technique` (
  `technique_id` int NOT NULL AUTO_INCREMENT,
  `technique_name` varchar(50) NOT NULL COMMENT 'Technique name e.g. zero-shot, few-shot, chain-of-thought, structured-output',
  `system_prompt_file` varchar(500) NOT NULL COMMENT 'Relative path to system prompt file e.g. prompts/zero_shot_system.txt',
  `user_prompt_file` varchar(500) NOT NULL COMMENT 'Relative path to user prompt template file e.g. prompts/zero_shot_user.txt',
  `prompt_version` varchar(10) NOT NULL COMMENT 'Version of the prompt files e.g. 1.0',
  `description` text COMMENT 'Brief description of the technique and its characteristics',
  `created_at` timestamp NOT NULL DEFAULT CURRENT_TIMESTAMP COMMENT 'Record creation timestamp',
  PRIMARY KEY (`technique_id`)
) ENGINE=InnoDB AUTO_INCREMENT=5 DEFAULT CHARSET=utf8mb4 COLLATE=utf8mb4_0900_ai_ci COMMENT='Reference table for the four prompt engineering techniques';
/*!40101 SET character_set_client = @saved_cs_client */;

--
-- Dumping data for table `prompt_technique`
--

LOCK TABLES `prompt_technique` WRITE;
/*!40000 ALTER TABLE `prompt_technique` DISABLE KEYS */;
INSERT INTO `prompt_technique` VALUES (1,'zero-shot','prompts/zero_shot_system.txt','prompts/zero_shot_user.txt','1.0','Zero-shot prompting provides the model with task instructions and output format requirements only, without any examples. The model relies entirely on its pretrained knowledge to extract nutritional information from EN-MS code-switched cooking transcripts.','2026-06-22 07:50:22'),(2,'few-shot','prompts/few_shot_system.txt','prompts/few_shot_user.txt','1.0','Few-shot prompting supplies the model with a small number of annotated input-output examples before the target transcript. This guides the model toward the expected JSON output structure and handling of informal Malay culinary expressions.','2026-06-22 07:50:22'),(3,'chain-of-thought','prompts/chain_of_thought_system.txt','prompts/chain_of_thought_user.txt','1.0','Chain-of-thought prompting instructs the model to reason step-by-step before producing the final JSON output. This encourages explicit intermediate reasoning over ingredient identification, quantity interpretation, and language tagging in code-switched text.','2026-06-22 07:50:22'),(4,'structured-output','prompts/structured_output_system.txt','prompts/structured_output_user.txt','1.0','Structured-output prompting enforces a strict JSON schema in the prompt instructions, constraining the model response to a predefined format. This reduces hallucination risk and improves consistency of the extracted nutritional fields across all five LLMs.','2026-06-22 07:50:22');
/*!40000 ALTER TABLE `prompt_technique` ENABLE KEYS */;
UNLOCK TABLES;

--
-- Table structure for table `reel`
--

DROP TABLE IF EXISTS `reel`;
/*!40101 SET @saved_cs_client     = @@character_set_client */;
/*!50503 SET character_set_client = utf8mb4 */;
CREATE TABLE `reel` (
  `reel_id` int NOT NULL AUTO_INCREMENT,
  `influencer_id` int NOT NULL COMMENT 'FK → influencer.influencer_id',
  `reel_id_instagram` varchar(50) NOT NULL COMMENT 'Instagram reel ID extracted from URL e.g. DV7uZzBE47j',
  `reel_url` varchar(500) NOT NULL COMMENT 'Full Instagram Reel URL',
  `identified_by_matric` varchar(20) NOT NULL COMMENT 'Matric number of team member who identified the reel',
  `identified_by_name` varchar(100) NOT NULL COMMENT 'Name of team member who identified the reel',
  `identified_date` date NOT NULL COMMENT 'Date the reel was identified',
  `video_duration_sec` int DEFAULT NULL COMMENT 'Duration of the video in seconds',
  `language_tag` varchar(20) DEFAULT 'code-switched' COMMENT 'Language of the reel: EN, MY, or code-switched',
  `created_at` timestamp NOT NULL DEFAULT CURRENT_TIMESTAMP COMMENT 'Record creation timestamp',
  PRIMARY KEY (`reel_id`),
  KEY `fk_reel_influencer` (`influencer_id`),
  CONSTRAINT `fk_reel_influencer` FOREIGN KEY (`influencer_id`) REFERENCES `influencer` (`influencer_id`) ON DELETE RESTRICT ON UPDATE CASCADE
) ENGINE=InnoDB AUTO_INCREMENT=11 DEFAULT CHARSET=utf8mb4 COLLATE=utf8mb4_0900_ai_ci COMMENT='Instagram Reels identified during data collection';
/*!40101 SET character_set_client = @saved_cs_client */;

--
-- Dumping data for table `reel`
--

LOCK TABLES `reel` WRITE;
/*!40000 ALTER TABLE `reel` DISABLE KEYS */;
INSERT INTO `reel` VALUES (1,1,'DNFrshpTZo-','https://www.instagram.com/reel/DNFrshpTZo-/','B032110001','Student 1','2026-05-08',NULL,'code-switched','2026-06-22 08:55:23'),(2,1,'DNVfhXKzFlt','https://www.instagram.com/reel/DNVfhXKzFlt/','B032110001','Student 1','2026-05-08',NULL,'code-switched','2026-06-22 08:55:23'),(3,1,'DOIjZovAPMl','https://www.instagram.com/reel/DOIjZovAPMl/','B032110001','Student 1','2026-05-08',NULL,'code-switched','2026-06-22 08:55:23'),(4,1,'DQGQAzvkhxP','https://www.instagram.com/reel/DQGQAzvkhxP/','B032110001','Student 1','2026-05-08',NULL,'code-switched','2026-06-22 08:55:23'),(5,1,'DRRgT7UErTr','https://www.instagram.com/reel/DRRgT7UErTr/','B032110001','Student 1','2026-05-08',NULL,'code-switched','2026-06-22 08:55:23'),(6,1,'DS4wJeGEtIb','https://www.instagram.com/reel/DS4wJeGEtIb/','B032110001','Student 1','2026-05-08',NULL,'code-switched','2026-06-22 08:55:23'),(7,1,'DVh1fbTE0Zp','https://www.instagram.com/reel/DVh1fbTE0Zp/','B032110001','Student 1','2026-05-08',NULL,'code-switched','2026-06-22 08:55:23'),(8,1,'DVvFt6ZgBqT','https://www.instagram.com/reel/DVvFt6ZgBqT/','B032110001','Student 1','2026-05-08',NULL,'code-switched','2026-06-22 08:55:23'),(9,1,'DVx6C3SkyTH','https://www.instagram.com/reel/DVx6C3SkyTH/','B032110001','Student 1','2026-05-08',NULL,'code-switched','2026-06-22 08:55:23'),(10,1,'DWDWnWLAGCQ','https://www.instagram.com/reel/DWDWnWLAGCQ/','B032110001','Student 1','2026-05-08',NULL,'code-switched','2026-06-22 08:55:23');
/*!40000 ALTER TABLE `reel` ENABLE KEYS */;
UNLOCK TABLES;

--
-- Table structure for table `transcript`
--

DROP TABLE IF EXISTS `transcript`;
/*!40101 SET @saved_cs_client     = @@character_set_client */;
/*!50503 SET character_set_client = utf8mb4 */;
CREATE TABLE `transcript` (
  `transcript_id` int NOT NULL AUTO_INCREMENT,
  `video_id` varchar(50) DEFAULT NULL COMMENT 'Instagram Reel ID, mirrors reel.reel_id_instagram for quick lookup',
  `reel_id` int NOT NULL COMMENT 'FK → reel.reel_id',
  `audio_id` int NOT NULL COMMENT 'FK → audio_file.audio_id',
  `file_name` varchar(200) NOT NULL COMMENT 'Transcript file name e.g. transcription_20260406_081309.txt',
  `file_path` varchar(500) NOT NULL COMMENT 'Full path to the transcript file on disk',
  `file_created_at` timestamp NULL DEFAULT NULL COMMENT 'File creation timestamp from filesystem metadata',
  `file_size_bytes` bigint DEFAULT NULL COMMENT 'Transcript file size in bytes',
  `file_format` varchar(10) NOT NULL COMMENT 'File format e.g. txt',
  `audio_transcript_consistent` tinyint(1) DEFAULT NULL COMMENT 'True if transcript matches the audio content',
  `verified_by_matric` varchar(20) DEFAULT NULL COMMENT 'Matric number of the transcript verifier',
  `verified_by_name` varchar(100) DEFAULT NULL COMMENT 'Name of the transcript verifier',
  `verified_at` timestamp NULL DEFAULT NULL COMMENT 'Timestamp when transcript verification was completed',
  PRIMARY KEY (`transcript_id`),
  KEY `fk_transcript_reel` (`reel_id`),
  KEY `fk_transcript_audio` (`audio_id`),
  CONSTRAINT `fk_transcript_audio` FOREIGN KEY (`audio_id`) REFERENCES `audio_file` (`audio_id`) ON DELETE RESTRICT ON UPDATE CASCADE,
  CONSTRAINT `fk_transcript_reel` FOREIGN KEY (`reel_id`) REFERENCES `reel` (`reel_id`) ON DELETE RESTRICT ON UPDATE CASCADE
) ENGINE=InnoDB AUTO_INCREMENT=11 DEFAULT CHARSET=utf8mb4 COLLATE=utf8mb4_0900_ai_ci COMMENT='Faster-Whisper transcripts with verification records';
/*!40101 SET character_set_client = @saved_cs_client */;

--
-- Dumping data for table `transcript`
--

LOCK TABLES `transcript` WRITE;
/*!40000 ALTER TABLE `transcript` DISABLE KEYS */;
INSERT INTO `transcript` VALUES (1,'DNFrshpTZo-',1,1,'transcription_20260508_144441.txt','Transcription/transcription_20260508_144441.txt',NULL,NULL,'txt',1,'B032110001','Student 1',NULL),(2,'DNVfhXKzFlt',2,2,'transcription_20260508_145255.txt','Transcription/transcription_20260508_145255.txt',NULL,NULL,'txt',1,'B032110001','Student 1',NULL),(3,'DOIjZovAPMl',3,3,'transcription_20260508_145949.txt','Transcription/transcription_20260508_145949.txt',NULL,NULL,'txt',1,'B032110001','Student 1',NULL),(4,'DQGQAzvkhxP',4,4,'transcription_20260508_150457.txt','Transcription/transcription_20260508_150457.txt',NULL,NULL,'txt',1,'B032110001','Student 1',NULL),(5,'DRRgT7UErTr',5,5,'transcription_20260508_151104.txt','Transcription/transcription_20260508_151104.txt',NULL,NULL,'txt',1,'B032110001','Student 1',NULL),(6,'DS4wJeGEtIb',6,6,'transcription_20260508_151916.txt','Transcription/transcription_20260508_151916.txt',NULL,NULL,'txt',1,'B032110001','Student 1',NULL),(7,'DVh1fbTE0Zp',7,7,'transcription_20260508_152338.txt','Transcription/transcription_20260508_152338.txt',NULL,NULL,'txt',1,'B032110001','Student 1',NULL),(8,'DVvFt6ZgBqT',8,8,'transcription_20260508_153025.txt','Transcription/transcription_20260508_153025.txt',NULL,NULL,'txt',1,'B032110001','Student 1',NULL),(9,'DVx6C3SkyTH',9,9,'transcription_20260508_153458.txt','Transcription/transcription_20260508_153458.txt',NULL,NULL,'txt',1,'B032110001','Student 1',NULL),(10,'DWDWnWLAGCQ',10,10,'transcription_20260508_154229.txt','Transcription/transcription_20260508_154229.txt',NULL,NULL,'txt',1,'B032110001','Student 1',NULL);
/*!40000 ALTER TABLE `transcript` ENABLE KEYS */;
UNLOCK TABLES;
/*!40103 SET TIME_ZONE=@OLD_TIME_ZONE */;

/*!40101 SET SQL_MODE=@OLD_SQL_MODE */;
/*!40014 SET FOREIGN_KEY_CHECKS=@OLD_FOREIGN_KEY_CHECKS */;
/*!40014 SET UNIQUE_CHECKS=@OLD_UNIQUE_CHECKS */;
/*!40101 SET CHARACTER_SET_CLIENT=@OLD_CHARACTER_SET_CLIENT */;
/*!40101 SET CHARACTER_SET_RESULTS=@OLD_CHARACTER_SET_RESULTS */;
/*!40101 SET COLLATION_CONNECTION=@OLD_COLLATION_CONNECTION */;
/*!40111 SET SQL_NOTES=@OLD_SQL_NOTES */;

-- Dump completed on 2026-06-22 17:26:21
