USE masakgramprompt;

-- ============================================================
-- Clear old mock data and seed real Danish Harraz data
-- ============================================================
SET FOREIGN_KEY_CHECKS = 0;
DELETE FROM ingredient_result;
DELETE FROM nutrition_result;
DELETE FROM experiment;
DELETE FROM ground_truth_ingredient;
DELETE FROM ground_truth_reel;
DELETE FROM transcript;
DELETE FROM audio_file;
DELETE FROM reel;
DELETE FROM influencer;
ALTER TABLE ingredient_result AUTO_INCREMENT = 1;
ALTER TABLE nutrition_result  AUTO_INCREMENT = 1;
ALTER TABLE experiment        AUTO_INCREMENT = 1;
ALTER TABLE ground_truth_ingredient AUTO_INCREMENT = 1;
ALTER TABLE ground_truth_reel AUTO_INCREMENT = 1;
ALTER TABLE transcript        AUTO_INCREMENT = 1;
ALTER TABLE audio_file        AUTO_INCREMENT = 1;
ALTER TABLE reel              AUTO_INCREMENT = 1;
ALTER TABLE influencer        AUTO_INCREMENT = 1;
SET FOREIGN_KEY_CHECKS = 1;

-- ============================================================
-- Influencer: Danish Harraz
-- ============================================================
INSERT INTO influencer (name, instagram_account, instagram_url) VALUES
('Danish Harraz', 'danishharraz', 'https://www.instagram.com/danishharraz/');

-- ============================================================
-- Reels (10 reels from audio file names)
-- ============================================================
INSERT INTO reel (influencer_id, reel_id_instagram, reel_url, identified_by_matric, identified_by_name, identified_date, language_tag) VALUES
(1, 'DNFrshpTZo-', 'https://www.instagram.com/reel/DNFrshpTZo-/', 'B032110001', 'Student 1', '2026-05-08', 'code-switched'),
(1, 'DNVfhXKzFlt', 'https://www.instagram.com/reel/DNVfhXKzFlt/', 'B032110001', 'Student 1', '2026-05-08', 'code-switched'),
(1, 'DOIjZovAPMl', 'https://www.instagram.com/reel/DOIjZovAPMl/', 'B032110001', 'Student 1', '2026-05-08', 'code-switched'),
(1, 'DQGQAzvkhxP', 'https://www.instagram.com/reel/DQGQAzvkhxP/', 'B032110001', 'Student 1', '2026-05-08', 'code-switched'),
(1, 'DRRgT7UErTr', 'https://www.instagram.com/reel/DRRgT7UErTr/', 'B032110001', 'Student 1', '2026-05-08', 'code-switched'),
(1, 'DS4wJeGEtIb', 'https://www.instagram.com/reel/DS4wJeGEtIb/', 'B032110001', 'Student 1', '2026-05-08', 'code-switched'),
(1, 'DVh1fbTE0Zp', 'https://www.instagram.com/reel/DVh1fbTE0Zp/', 'B032110001', 'Student 1', '2026-05-08', 'code-switched'),
(1, 'DVvFt6ZgBqT', 'https://www.instagram.com/reel/DVvFt6ZgBqT/', 'B032110001', 'Student 1', '2026-05-08', 'code-switched'),
(1, 'DVx6C3SkyTH', 'https://www.instagram.com/reel/DVx6C3SkyTH/', 'B032110001', 'Student 1', '2026-05-08', 'code-switched'),
(1, 'DWDWnWLAGCQ', 'https://www.instagram.com/reel/DWDWnWLAGCQ/', 'B032110001', 'Student 1', '2026-05-08', 'code-switched');

-- ============================================================
-- Audio files
-- ============================================================
INSERT INTO audio_file (reel_id, file_name, file_path, file_format, reel_audio_consistent, verified_by_matric, verified_by_name) VALUES
(1,  'DNFrshpTZo-.mp3', 'Audio/DNFrshpTZo-.mp3', 'mp3', 1, 'B032110001', 'Student 1'),
(2,  'DNVfhXKzFlt.mp3', 'Audio/DNVfhXKzFlt.mp3', 'mp3', 1, 'B032110001', 'Student 1'),
(3,  'DOIjZovAPMl.mp3', 'Audio/DOIjZovAPMl.mp3', 'mp3', 1, 'B032110001', 'Student 1'),
(4,  'DQGQAzvkhxP.mp3', 'Audio/DQGQAzvkhxP.mp3', 'mp3', 1, 'B032110001', 'Student 1'),
(5,  'DRRgT7UErTr.mp3', 'Audio/DRRgT7UErTr.mp3', 'mp3', 1, 'B032110001', 'Student 1'),
(6,  'DS4wJeGEtIb.mp3', 'Audio/DS4wJeGEtIb.mp3', 'mp3', 1, 'B032110001', 'Student 1'),
(7,  'DVh1fbTE0Zp.mp3', 'Audio/DVh1fbTE0Zp.mp3', 'mp3', 1, 'B032110001', 'Student 1'),
(8,  'DVvFt6ZgBqT.mp3', 'Audio/DVvFt6ZgBqT.mp3', 'mp3', 1, 'B032110001', 'Student 1'),
(9,  'DVx6C3SkyTH.mp3', 'Audio/DVx6C3SkyTH.mp3', 'mp3', 1, 'B032110001', 'Student 1'),
(10, 'DWDWnWLAGCQ.mp3', 'Audio/DWDWnWLAGCQ.mp3', 'mp3', 1, 'B032110001', 'Student 1');

-- ============================================================
-- Transcripts (matched to transcription files by order)
-- video_id mirrors the Instagram reel ID for metric queries
-- ============================================================
INSERT INTO transcript (reel_id, audio_id, video_id, file_name, file_path, file_format, audio_transcript_consistent, verified_by_matric, verified_by_name) VALUES
(1,  1,  'DNFrshpTZo-', 'transcription_20260508_144441.txt', 'Transcription/transcription_20260508_144441.txt', 'txt', 1, 'B032110001', 'Student 1'),
(2,  2,  'DNVfhXKzFlt', 'transcription_20260508_145255.txt', 'Transcription/transcription_20260508_145255.txt', 'txt', 1, 'B032110001', 'Student 1'),
(3,  3,  'DOIjZovAPMl', 'transcription_20260508_145949.txt', 'Transcription/transcription_20260508_145949.txt', 'txt', 1, 'B032110001', 'Student 1'),
(4,  4,  'DQGQAzvkhxP', 'transcription_20260508_150457.txt', 'Transcription/transcription_20260508_150457.txt', 'txt', 1, 'B032110001', 'Student 1'),
(5,  5,  'DRRgT7UErTr', 'transcription_20260508_151104.txt', 'Transcription/transcription_20260508_151104.txt', 'txt', 1, 'B032110001', 'Student 1'),
(6,  6,  'DS4wJeGEtIb', 'transcription_20260508_151916.txt', 'Transcription/transcription_20260508_151916.txt', 'txt', 1, 'B032110001', 'Student 1'),
(7,  7,  'DVh1fbTE0Zp', 'transcription_20260508_152338.txt', 'Transcription/transcription_20260508_152338.txt', 'txt', 1, 'B032110001', 'Student 1'),
(8,  8,  'DVvFt6ZgBqT', 'transcription_20260508_153025.txt', 'Transcription/transcription_20260508_153025.txt', 'txt', 1, 'B032110001', 'Student 1'),
(9,  9,  'DVx6C3SkyTH', 'transcription_20260508_153458.txt', 'Transcription/transcription_20260508_153458.txt', 'txt', 1, 'B032110001', 'Student 1'),
(10, 10, 'DWDWnWLAGCQ', 'transcription_20260508_154229.txt', 'Transcription/transcription_20260508_154229.txt', 'txt', 1, 'B032110001', 'Student 1');

SELECT CONCAT('Seeded: ', COUNT(*), ' reels') AS status FROM reel;
SELECT CONCAT('Seeded: ', COUNT(*), ' transcripts') AS status FROM transcript;
USE masakgramprompt;

SET FOREIGN_KEY_CHECKS = 0;
TRUNCATE TABLE ground_truth_ingredient;
TRUNCATE TABLE ground_truth_reel;
SET FOREIGN_KEY_CHECKS = 1;

INSERT INTO ground_truth_reel (transcript_id, annotated_at, annotator_matric, annotator_name) VALUES (1, '2026-06-22 00:00:00', 'B032110001', 'B032410580 Ahmad Faiz Fitri');
INSERT INTO ground_truth_reel (transcript_id, annotated_at, annotator_matric, annotator_name) VALUES (2, '2026-06-22 00:00:00', 'B032110001', 'B032410580 Ahmad Faiz Fitri');
INSERT INTO ground_truth_reel (transcript_id, annotated_at, annotator_matric, annotator_name) VALUES (3, '2026-06-22 00:00:00', 'B032110001', 'B032410580 Ahmad Faiz Fitri');
INSERT INTO ground_truth_reel (transcript_id, annotated_at, annotator_matric, annotator_name) VALUES (4, '2026-06-22 00:00:00', 'B032110001', 'B032410580 Ahmad Faiz Fitri');
INSERT INTO ground_truth_reel (transcript_id, annotated_at, annotator_matric, annotator_name) VALUES (5, '2026-06-22 00:00:00', 'B032110001', 'B032410580 Ahmad Faiz Fitri');
INSERT INTO ground_truth_reel (transcript_id, annotated_at, annotator_matric, annotator_name) VALUES (6, '2026-06-22 00:00:00', 'B032110001', 'B032410580 Ahmad Faiz Fitri');
INSERT INTO ground_truth_reel (transcript_id, annotated_at, annotator_matric, annotator_name) VALUES (7, '2026-06-22 00:00:00', 'B032110001', 'B032410580 Ahmad Faiz Fitri');
INSERT INTO ground_truth_reel (transcript_id, annotated_at, annotator_matric, annotator_name) VALUES (8, '2026-06-22 00:00:00', 'B032110001', 'B032410580 Ahmad Faiz Fitri');
INSERT INTO ground_truth_reel (transcript_id, annotated_at, annotator_matric, annotator_name) VALUES (9, '2026-06-22 00:00:00', 'B032110001', 'B032410580 Ahmad Faiz Fitri');
INSERT INTO ground_truth_reel (transcript_id, annotated_at, annotator_matric, annotator_name) VALUES (10, '2026-06-22 00:00:00', 'B032110001', 'B032410580 Ahmad Faiz Fitri');


INSERT INTO ground_truth_ingredient (gt_reel_id, name_original, language_mentioned, name_en, quantity_expression, quantity_category, quantity_unit_culinary, quantity_value_culinary, estimated_weight_g, calories, total_fat_g, total_carbohydrate_g, protein_g, annotation_layer, annotator_matric, annotator_name, annotated_at) VALUES (1, 'salted butter', 'ms/en', 'salted butter', 'not mentioned', 'not_mentioned', '', 0.0, 0, 0, 0, 0, 0, 'layer2', 'B032110001', 'B032410580 Ahmad Faiz Fitri', '2026-06-22 00:00:00');
INSERT INTO ground_truth_ingredient (gt_reel_id, name_original, language_mentioned, name_en, quantity_expression, quantity_category, quantity_unit_culinary, quantity_value_culinary, estimated_weight_g, calories, total_fat_g, total_carbohydrate_g, protein_g, annotation_layer, annotator_matric, annotator_name, annotated_at) VALUES (1, 'castor sugar', 'en', 'caster sugar', 'not mentioned', 'not_mentioned', '', 0.0, 0, 0, 0, 0, 0, 'layer2', 'B032110001', 'B032410580 Ahmad Faiz Fitri', '2026-06-22 00:00:00');
INSERT INTO ground_truth_ingredient (gt_reel_id, name_original, language_mentioned, name_en, quantity_expression, quantity_category, quantity_unit_culinary, quantity_value_culinary, estimated_weight_g, calories, total_fat_g, total_carbohydrate_g, protein_g, annotation_layer, annotator_matric, annotator_name, annotated_at) VALUES (1, 'susu tepung full cream', 'ms/en', 'full cream milk powder', 'not mentioned', 'not_mentioned', '', 0.0, 0, 0, 0, 0, 0, 'layer2', 'B032110001', 'B032410580 Ahmad Faiz Fitri', '2026-06-22 00:00:00');
INSERT INTO ground_truth_ingredient (gt_reel_id, name_original, language_mentioned, name_en, quantity_expression, quantity_category, quantity_unit_culinary, quantity_value_culinary, estimated_weight_g, calories, total_fat_g, total_carbohydrate_g, protein_g, annotation_layer, annotator_matric, annotator_name, annotated_at) VALUES (1, 'suncric orange', 'en', 'orange concentrate', 'not mentioned', 'not_mentioned', '', 0.0, 0, 0, 0, 0, 0, 'layer2', 'B032110001', 'B032410580 Ahmad Faiz Fitri', '2026-06-22 00:00:00');
INSERT INTO ground_truth_ingredient (gt_reel_id, name_original, language_mentioned, name_en, quantity_expression, quantity_category, quantity_unit_culinary, quantity_value_culinary, estimated_weight_g, calories, total_fat_g, total_carbohydrate_g, protein_g, annotation_layer, annotator_matric, annotator_name, annotated_at) VALUES (1, 'nestum cereal', 'en/ms', 'Nestum cereal', 'not mentioned', 'not_mentioned', '', 0.0, 0, 0, 0, 0, 0, 'layer2', 'B032110001', 'B032410580 Ahmad Faiz Fitri', '2026-06-22 00:00:00');
INSERT INTO ground_truth_ingredient (gt_reel_id, name_original, language_mentioned, name_en, quantity_expression, quantity_category, quantity_unit_culinary, quantity_value_culinary, estimated_weight_g, calories, total_fat_g, total_carbohydrate_g, protein_g, annotation_layer, annotator_matric, annotator_name, annotated_at) VALUES (1, 'toasted almond nibs', 'en', 'toasted almond nibs', 'not mentioned', 'not_mentioned', '', 0.0, 0, 0, 0, 0, 0, 'layer2', 'B032110001', 'B032410580 Ahmad Faiz Fitri', '2026-06-22 00:00:00');
INSERT INTO ground_truth_ingredient (gt_reel_id, name_original, language_mentioned, name_en, quantity_expression, quantity_category, quantity_unit_culinary, quantity_value_culinary, estimated_weight_g, calories, total_fat_g, total_carbohydrate_g, protein_g, annotation_layer, annotator_matric, annotator_name, annotated_at) VALUES (1, 'dried cranberries', 'ms/en', 'dried cranberries', 'not mentioned', 'not_mentioned', '', 0.0, 0, 0, 0, 0, 0, 'layer2', 'B032110001', 'B032410580 Ahmad Faiz Fitri', '2026-06-22 00:00:00');
INSERT INTO ground_truth_ingredient (gt_reel_id, name_original, language_mentioned, name_en, quantity_expression, quantity_category, quantity_unit_culinary, quantity_value_culinary, estimated_weight_g, calories, total_fat_g, total_carbohydrate_g, protein_g, annotation_layer, annotator_matric, annotator_name, annotated_at) VALUES (1, '7g per piece', '-', '-', '7g', 'metric', 'g', 7.0, 0, 0, 0, 0, 0, 'layer2', 'B032110001', 'B032410580 Ahmad Faiz Fitri', '2026-06-22 00:00:00');
INSERT INTO ground_truth_ingredient (gt_reel_id, name_original, language_mentioned, name_en, quantity_expression, quantity_category, quantity_unit_culinary, quantity_value_culinary, estimated_weight_g, calories, total_fat_g, total_carbohydrate_g, protein_g, annotation_layer, annotator_matric, annotator_name, annotated_at) VALUES (2, 'pure ghee', 'en', 'pure ghee', 'not mentioned', 'not_mentioned', '', 0.0, 0, 0, 0, 0, 0, 'layer2', 'B032110001', 'B032410580 Ahmad Faiz Fitri', '2026-06-22 00:00:00');
INSERT INTO ground_truth_ingredient (gt_reel_id, name_original, language_mentioned, name_en, quantity_expression, quantity_category, quantity_unit_culinary, quantity_value_culinary, estimated_weight_g, calories, total_fat_g, total_carbohydrate_g, protein_g, annotation_layer, annotator_matric, annotator_name, annotated_at) VALUES (2, 'ghee blend', 'en', 'blended ghee', 'not mentioned', 'not_mentioned', '', 0.0, 0, 0, 0, 0, 0, 'layer2', 'B032110001', 'B032410580 Ahmad Faiz Fitri', '2026-06-22 00:00:00');
INSERT INTO ground_truth_ingredient (gt_reel_id, name_original, language_mentioned, name_en, quantity_expression, quantity_category, quantity_unit_culinary, quantity_value_culinary, estimated_weight_g, calories, total_fat_g, total_carbohydrate_g, protein_g, annotation_layer, annotator_matric, annotator_name, annotated_at) VALUES (2, 'minyak sapi', 'ms', 'clarified butter/ghee', 'not mentioned', 'not_mentioned', '', 0.0, 0, 0, 0, 0, 0, 'layer2', 'B032110001', 'B032410580 Ahmad Faiz Fitri', '2026-06-22 00:00:00');
INSERT INTO ground_truth_ingredient (gt_reel_id, name_original, language_mentioned, name_en, quantity_expression, quantity_category, quantity_unit_culinary, quantity_value_culinary, estimated_weight_g, calories, total_fat_g, total_carbohydrate_g, protein_g, annotation_layer, annotator_matric, annotator_name, annotated_at) VALUES (2, 'tepung gandum', 'ms', 'wheat flour', 'not mentioned', 'not_mentioned', '', 0.0, 0, 0, 0, 0, 0, 'layer2', 'B032110001', 'B032410580 Ahmad Faiz Fitri', '2026-06-22 00:00:00');
INSERT INTO ground_truth_ingredient (gt_reel_id, name_original, language_mentioned, name_en, quantity_expression, quantity_category, quantity_unit_culinary, quantity_value_culinary, estimated_weight_g, calories, total_fat_g, total_carbohydrate_g, protein_g, annotation_layer, annotator_matric, annotator_name, annotated_at) VALUES (2, 'kacang tanah sangai', 'ms', 'roasted ground peanuts', 'not mentioned', 'not_mentioned', '', 0.0, 0, 0, 0, 0, 0, 'layer2', 'B032110001', 'B032410580 Ahmad Faiz Fitri', '2026-06-22 00:00:00');
INSERT INTO ground_truth_ingredient (gt_reel_id, name_original, language_mentioned, name_en, quantity_expression, quantity_category, quantity_unit_culinary, quantity_value_culinary, estimated_weight_g, calories, total_fat_g, total_carbohydrate_g, protein_g, annotation_layer, annotator_matric, annotator_name, annotated_at) VALUES (2, 'gula icing', 'ms', 'icing sugar', 'not mentioned', 'not_mentioned', '', 0.0, 0, 0, 0, 0, 0, 'layer2', 'B032110001', 'B032410580 Ahmad Faiz Fitri', '2026-06-22 00:00:00');
INSERT INTO ground_truth_ingredient (gt_reel_id, name_original, language_mentioned, name_en, quantity_expression, quantity_category, quantity_unit_culinary, quantity_value_culinary, estimated_weight_g, calories, total_fat_g, total_carbohydrate_g, protein_g, annotation_layer, annotator_matric, annotator_name, annotated_at) VALUES (2, 'kuning telur', 'ms', 'egg yolk', 'not mentioned', 'not_mentioned', '', 0.0, 0, 0, 0, 0, 0, 'layer2', 'B032110001', 'B032410580 Ahmad Faiz Fitri', '2026-06-22 00:00:00');
INSERT INTO ground_truth_ingredient (gt_reel_id, name_original, language_mentioned, name_en, quantity_expression, quantity_category, quantity_unit_culinary, quantity_value_culinary, estimated_weight_g, calories, total_fat_g, total_carbohydrate_g, protein_g, annotation_layer, annotator_matric, annotator_name, annotated_at) VALUES (3, 'kelapa parut', 'ms', 'grated coconut', 'not mentioned', 'not_mentioned', '', 0.0, 0, 0, 0, 0, 0, 'layer2', 'B032110001', 'B032410580 Ahmad Faiz Fitri', '2026-06-22 00:00:00');
INSERT INTO ground_truth_ingredient (gt_reel_id, name_original, language_mentioned, name_en, quantity_expression, quantity_category, quantity_unit_culinary, quantity_value_culinary, estimated_weight_g, calories, total_fat_g, total_carbohydrate_g, protein_g, annotation_layer, annotator_matric, annotator_name, annotated_at) VALUES (3, 'mentega batu lembut', 'ms', 'soft butter', 'not mentioned', 'not_mentioned', '', 0.0, 0, 0, 0, 0, 0, 'layer2', 'B032110001', 'B032410580 Ahmad Faiz Fitri', '2026-06-22 00:00:00');
INSERT INTO ground_truth_ingredient (gt_reel_id, name_original, language_mentioned, name_en, quantity_expression, quantity_category, quantity_unit_culinary, quantity_value_culinary, estimated_weight_g, calories, total_fat_g, total_carbohydrate_g, protein_g, annotation_layer, annotator_matric, annotator_name, annotated_at) VALUES (3, 'icing sugar', 'en', 'icing sugar', 'not mentioned', 'not_mentioned', '', 0.0, 0, 0, 0, 0, 0, 'layer2', 'B032110001', 'B032410580 Ahmad Faiz Fitri', '2026-06-22 00:00:00');
INSERT INTO ground_truth_ingredient (gt_reel_id, name_original, language_mentioned, name_en, quantity_expression, quantity_category, quantity_unit_culinary, quantity_value_culinary, estimated_weight_g, calories, total_fat_g, total_carbohydrate_g, protein_g, annotation_layer, annotator_matric, annotator_name, annotated_at) VALUES (3, 'susu tepung full cream', 'ms/en', 'full cream milk powder', 'not mentioned', 'not_mentioned', '', 0.0, 0, 0, 0, 0, 0, 'layer2', 'B032110001', 'B032410580 Ahmad Faiz Fitri', '2026-06-22 00:00:00');
INSERT INTO ground_truth_ingredient (gt_reel_id, name_original, language_mentioned, name_en, quantity_expression, quantity_category, quantity_unit_culinary, quantity_value_culinary, estimated_weight_g, calories, total_fat_g, total_carbohydrate_g, protein_g, annotation_layer, annotator_matric, annotator_name, annotated_at) VALUES (3, 'vanila', 'ms', 'vanilla', 'not mentioned', 'not_mentioned', '', 0.0, 0, 0, 0, 0, 0, 'layer2', 'B032110001', 'B032410580 Ahmad Faiz Fitri', '2026-06-22 00:00:00');
INSERT INTO ground_truth_ingredient (gt_reel_id, name_original, language_mentioned, name_en, quantity_expression, quantity_category, quantity_unit_culinary, quantity_value_culinary, estimated_weight_g, calories, total_fat_g, total_carbohydrate_g, protein_g, annotation_layer, annotator_matric, annotator_name, annotated_at) VALUES (3, 'kuning telur', 'ms', 'egg yolk', 'not mentioned', 'not_mentioned', '', 0.0, 0, 0, 0, 0, 0, 'layer2', 'B032110001', 'B032410580 Ahmad Faiz Fitri', '2026-06-22 00:00:00');
INSERT INTO ground_truth_ingredient (gt_reel_id, name_original, language_mentioned, name_en, quantity_expression, quantity_category, quantity_unit_culinary, quantity_value_culinary, estimated_weight_g, calories, total_fat_g, total_carbohydrate_g, protein_g, annotation_layer, annotator_matric, annotator_name, annotated_at) VALUES (3, 'warna kuning lemon', 'ms', 'lemon yellow food coloring', 'not mentioned', 'not_mentioned', '', 0.0, 0, 0, 0, 0, 0, 'layer2', 'B032110001', 'B032410580 Ahmad Faiz Fitri', '2026-06-22 00:00:00');
INSERT INTO ground_truth_ingredient (gt_reel_id, name_original, language_mentioned, name_en, quantity_expression, quantity_category, quantity_unit_culinary, quantity_value_culinary, estimated_weight_g, calories, total_fat_g, total_carbohydrate_g, protein_g, annotation_layer, annotator_matric, annotator_name, annotated_at) VALUES (4, 'tepung gandum', 'ms', 'wheat flour', 'not mentioned', 'not_mentioned', '', 0.0, 0, 0, 0, 0, 0, 'layer2', 'B032110001', 'B032410580 Ahmad Faiz Fitri', '2026-06-22 00:00:00');
INSERT INTO ground_truth_ingredient (gt_reel_id, name_original, language_mentioned, name_en, quantity_expression, quantity_category, quantity_unit_culinary, quantity_value_culinary, estimated_weight_g, calories, total_fat_g, total_carbohydrate_g, protein_g, annotation_layer, annotator_matric, annotator_name, annotated_at) VALUES (4, 'corn flour', 'en', 'corn flour', 'not mentioned', 'not_mentioned', '', 0.0, 0, 0, 0, 0, 0, 'layer2', 'B032110001', 'B032410580 Ahmad Faiz Fitri', '2026-06-22 00:00:00');
INSERT INTO ground_truth_ingredient (gt_reel_id, name_original, language_mentioned, name_en, quantity_expression, quantity_category, quantity_unit_culinary, quantity_value_culinary, estimated_weight_g, calories, total_fat_g, total_carbohydrate_g, protein_g, annotation_layer, annotator_matric, annotator_name, annotated_at) VALUES (4, 'dark cocoa powder', 'en', 'dark cocoa powder', 'not mentioned', 'not_mentioned', '', 0.0, 0, 0, 0, 0, 0, 'layer2', 'B032110001', 'B032410580 Ahmad Faiz Fitri', '2026-06-22 00:00:00');
INSERT INTO ground_truth_ingredient (gt_reel_id, name_original, language_mentioned, name_en, quantity_expression, quantity_category, quantity_unit_culinary, quantity_value_culinary, estimated_weight_g, calories, total_fat_g, total_carbohydrate_g, protein_g, annotation_layer, annotator_matric, annotator_name, annotated_at) VALUES (4, 'baking soda', 'en', 'baking soda', 'not mentioned', 'not_mentioned', '', 0.0, 0, 0, 0, 0, 0, 'layer2', 'B032110001', 'B032410580 Ahmad Faiz Fitri', '2026-06-22 00:00:00');
INSERT INTO ground_truth_ingredient (gt_reel_id, name_original, language_mentioned, name_en, quantity_expression, quantity_category, quantity_unit_culinary, quantity_value_culinary, estimated_weight_g, calories, total_fat_g, total_carbohydrate_g, protein_g, annotation_layer, annotator_matric, annotator_name, annotated_at) VALUES (4, 'salted butter', 'en', 'salted butter', 'not mentioned', 'not_mentioned', '', 0.0, 0, 0, 0, 0, 0, 'layer2', 'B032110001', 'B032410580 Ahmad Faiz Fitri', '2026-06-22 00:00:00');
INSERT INTO ground_truth_ingredient (gt_reel_id, name_original, language_mentioned, name_en, quantity_expression, quantity_category, quantity_unit_culinary, quantity_value_culinary, estimated_weight_g, calories, total_fat_g, total_carbohydrate_g, protein_g, annotation_layer, annotator_matric, annotator_name, annotated_at) VALUES (4, 'caster sugar', 'en', 'caster sugar', 'not mentioned', 'not_mentioned', '', 0.0, 0, 0, 0, 0, 0, 'layer2', 'B032110001', 'B032410580 Ahmad Faiz Fitri', '2026-06-22 00:00:00');
INSERT INTO ground_truth_ingredient (gt_reel_id, name_original, language_mentioned, name_en, quantity_expression, quantity_category, quantity_unit_culinary, quantity_value_culinary, estimated_weight_g, calories, total_fat_g, total_carbohydrate_g, protein_g, annotation_layer, annotator_matric, annotator_name, annotated_at) VALUES (4, 'toasted full cream milk powder', 'en', 'toasted full cream milk powder', 'not mentioned', 'not_mentioned', '', 0.0, 0, 0, 0, 0, 0, 'layer2', 'B032110001', 'B032410580 Ahmad Faiz Fitri', '2026-06-22 00:00:00');
INSERT INTO ground_truth_ingredient (gt_reel_id, name_original, language_mentioned, name_en, quantity_expression, quantity_category, quantity_unit_culinary, quantity_value_culinary, estimated_weight_g, calories, total_fat_g, total_carbohydrate_g, protein_g, annotation_layer, annotator_matric, annotator_name, annotated_at) VALUES (4, 'vanilla extract', 'en', 'vanilla extract', 'not mentioned', 'not_mentioned', '', 0.0, 0, 0, 0, 0, 0, 'layer2', 'B032110001', 'B032410580 Ahmad Faiz Fitri', '2026-06-22 00:00:00');
INSERT INTO ground_truth_ingredient (gt_reel_id, name_original, language_mentioned, name_en, quantity_expression, quantity_category, quantity_unit_culinary, quantity_value_culinary, estimated_weight_g, calories, total_fat_g, total_carbohydrate_g, protein_g, annotation_layer, annotator_matric, annotator_name, annotated_at) VALUES (4, 'Nestum cereal', 'en/ms', 'Nestum cereal', 'not mentioned', 'not_mentioned', '', 0.0, 0, 0, 0, 0, 0, 'layer2', 'B032110001', 'B032410580 Ahmad Faiz Fitri', '2026-06-22 00:00:00');
INSERT INTO ground_truth_ingredient (gt_reel_id, name_original, language_mentioned, name_en, quantity_expression, quantity_category, quantity_unit_culinary, quantity_value_culinary, estimated_weight_g, calories, total_fat_g, total_carbohydrate_g, protein_g, annotation_layer, annotator_matric, annotator_name, annotated_at) VALUES (4, 'roasted almond nibs', 'en', 'roasted almond nibs', 'not mentioned', 'not_mentioned', '', 0.0, 0, 0, 0, 0, 0, 'layer2', 'B032110001', 'B032410580 Ahmad Faiz Fitri', '2026-06-22 00:00:00');
INSERT INTO ground_truth_ingredient (gt_reel_id, name_original, language_mentioned, name_en, quantity_expression, quantity_category, quantity_unit_culinary, quantity_value_culinary, estimated_weight_g, calories, total_fat_g, total_carbohydrate_g, protein_g, annotation_layer, annotator_matric, annotator_name, annotated_at) VALUES (4, 'dark baking chocolate', 'en', 'dark baking chocolate', 'not mentioned', 'not_mentioned', '', 0.0, 0, 0, 0, 0, 0, 'layer2', 'B032110001', 'B032410580 Ahmad Faiz Fitri', '2026-06-22 00:00:00');
INSERT INTO ground_truth_ingredient (gt_reel_id, name_original, language_mentioned, name_en, quantity_expression, quantity_category, quantity_unit_culinary, quantity_value_culinary, estimated_weight_g, calories, total_fat_g, total_carbohydrate_g, protein_g, annotation_layer, annotator_matric, annotator_name, annotated_at) VALUES (4, '7g per piece', '-', '-', '7g', 'metric', 'g', 7.0, 0, 0, 0, 0, 0, 'layer2', 'B032110001', 'B032410580 Ahmad Faiz Fitri', '2026-06-22 00:00:00');
INSERT INTO ground_truth_ingredient (gt_reel_id, name_original, language_mentioned, name_en, quantity_expression, quantity_category, quantity_unit_culinary, quantity_value_culinary, estimated_weight_g, calories, total_fat_g, total_carbohydrate_g, protein_g, annotation_layer, annotator_matric, annotator_name, annotated_at) VALUES (5, 'salted butter', 'ms/en', 'salted butter', 'not mentioned', 'not_mentioned', '', 0.0, 0, 0, 0, 0, 0, 'layer2', 'B032110001', 'B032410580 Ahmad Faiz Fitri', '2026-06-22 00:00:00');
INSERT INTO ground_truth_ingredient (gt_reel_id, name_original, language_mentioned, name_en, quantity_expression, quantity_category, quantity_unit_culinary, quantity_value_culinary, estimated_weight_g, calories, total_fat_g, total_carbohydrate_g, protein_g, annotation_layer, annotator_matric, annotator_name, annotated_at) VALUES (5, 'icing sugar', 'en', 'icing sugar', 'not mentioned', 'not_mentioned', '', 0.0, 0, 0, 0, 0, 0, 'layer2', 'B032110001', 'B032410580 Ahmad Faiz Fitri', '2026-06-22 00:00:00');
INSERT INTO ground_truth_ingredient (gt_reel_id, name_original, language_mentioned, name_en, quantity_expression, quantity_category, quantity_unit_culinary, quantity_value_culinary, estimated_weight_g, calories, total_fat_g, total_carbohydrate_g, protein_g, annotation_layer, annotator_matric, annotator_name, annotated_at) VALUES (5, 'vanilla pistachio spread', 'en', 'vanilla pistachio spread', 'not mentioned', 'not_mentioned', '', 0.0, 0, 0, 0, 0, 0, 'layer2', 'B032110001', 'B032410580 Ahmad Faiz Fitri', '2026-06-22 00:00:00');
INSERT INTO ground_truth_ingredient (gt_reel_id, name_original, language_mentioned, name_en, quantity_expression, quantity_category, quantity_unit_culinary, quantity_value_culinary, estimated_weight_g, calories, total_fat_g, total_carbohydrate_g, protein_g, annotation_layer, annotator_matric, annotator_name, annotated_at) VALUES (5, 'tepung gandum', 'ms', 'wheat flour', 'not mentioned', 'not_mentioned', '', 0.0, 0, 0, 0, 0, 0, 'layer2', 'B032110001', 'B032410580 Ahmad Faiz Fitri', '2026-06-22 00:00:00');
INSERT INTO ground_truth_ingredient (gt_reel_id, name_original, language_mentioned, name_en, quantity_expression, quantity_category, quantity_unit_culinary, quantity_value_culinary, estimated_weight_g, calories, total_fat_g, total_carbohydrate_g, protein_g, annotation_layer, annotator_matric, annotator_name, annotated_at) VALUES (5, 'tepung jagung', 'ms', 'corn flour', 'not mentioned', 'not_mentioned', '', 0.0, 0, 0, 0, 0, 0, 'layer2', 'B032110001', 'B032410580 Ahmad Faiz Fitri', '2026-06-22 00:00:00');
INSERT INTO ground_truth_ingredient (gt_reel_id, name_original, language_mentioned, name_en, quantity_expression, quantity_category, quantity_unit_culinary, quantity_value_culinary, estimated_weight_g, calories, total_fat_g, total_carbohydrate_g, protein_g, annotation_layer, annotator_matric, annotator_name, annotated_at) VALUES (5, 'warna hijau apple', 'ms', 'apple green food coloring', 'not mentioned', 'not_mentioned', '', 0.0, 0, 0, 0, 0, 0, 'layer2', 'B032110001', 'B032410580 Ahmad Faiz Fitri', '2026-06-22 00:00:00');
INSERT INTO ground_truth_ingredient (gt_reel_id, name_original, language_mentioned, name_en, quantity_expression, quantity_category, quantity_unit_culinary, quantity_value_culinary, estimated_weight_g, calories, total_fat_g, total_carbohydrate_g, protein_g, annotation_layer, annotator_matric, annotator_name, annotated_at) VALUES (5, 'melted white chocolate', 'en', 'melted white chocolate', 'not mentioned', 'not_mentioned', '', 0.0, 0, 0, 0, 0, 0, 'layer2', 'B032110001', 'B032410580 Ahmad Faiz Fitri', '2026-06-22 00:00:00');
INSERT INTO ground_truth_ingredient (gt_reel_id, name_original, language_mentioned, name_en, quantity_expression, quantity_category, quantity_unit_culinary, quantity_value_culinary, estimated_weight_g, calories, total_fat_g, total_carbohydrate_g, protein_g, annotation_layer, annotator_matric, annotator_name, annotated_at) VALUES (5, 'pistachio spread', 'en', 'pistachio spread', 'not mentioned', 'not_mentioned', '', 0.0, 0, 0, 0, 0, 0, 'layer2', 'B032110001', 'B032410580 Ahmad Faiz Fitri', '2026-06-22 00:00:00');
INSERT INTO ground_truth_ingredient (gt_reel_id, name_original, language_mentioned, name_en, quantity_expression, quantity_category, quantity_unit_culinary, quantity_value_culinary, estimated_weight_g, calories, total_fat_g, total_carbohydrate_g, protein_g, annotation_layer, annotator_matric, annotator_name, annotated_at) VALUES (5, '1.5 tsp', 'en', '1.5 teaspoons', '1.5 tsp', 'culinary_measured', 'sudu_kecil', 1.5, 0, 0, 0, 0, 0, 'layer2', 'B032110001', 'B032410580 Ahmad Faiz Fitri', '2026-06-22 00:00:00');
INSERT INTO ground_truth_ingredient (gt_reel_id, name_original, language_mentioned, name_en, quantity_expression, quantity_category, quantity_unit_culinary, quantity_value_culinary, estimated_weight_g, calories, total_fat_g, total_carbohydrate_g, protein_g, annotation_layer, annotator_matric, annotator_name, annotated_at) VALUES (6, 'salted butter', 'ms/en', 'salted butter', 'not mentioned', 'not_mentioned', '', 0.0, 0, 0, 0, 0, 0, 'layer2', 'B032110001', 'B032410580 Ahmad Faiz Fitri', '2026-06-22 00:00:00');
INSERT INTO ground_truth_ingredient (gt_reel_id, name_original, language_mentioned, name_en, quantity_expression, quantity_category, quantity_unit_culinary, quantity_value_culinary, estimated_weight_g, calories, total_fat_g, total_carbohydrate_g, protein_g, annotation_layer, annotator_matric, annotator_name, annotated_at) VALUES (6, 'castor sugar', 'en', 'caster sugar', 'not mentioned', 'not_mentioned', '', 0.0, 0, 0, 0, 0, 0, 'layer2', 'B032110001', 'B032410580 Ahmad Faiz Fitri', '2026-06-22 00:00:00');
INSERT INTO ground_truth_ingredient (gt_reel_id, name_original, language_mentioned, name_en, quantity_expression, quantity_category, quantity_unit_culinary, quantity_value_culinary, estimated_weight_g, calories, total_fat_g, total_carbohydrate_g, protein_g, annotation_layer, annotator_matric, annotator_name, annotated_at) VALUES (6, 'brown sugar', 'en', 'brown sugar', 'not mentioned', 'not_mentioned', '', 0.0, 0, 0, 0, 0, 0, 'layer2', 'B032110001', 'B032410580 Ahmad Faiz Fitri', '2026-06-22 00:00:00');
INSERT INTO ground_truth_ingredient (gt_reel_id, name_original, language_mentioned, name_en, quantity_expression, quantity_category, quantity_unit_culinary, quantity_value_culinary, estimated_weight_g, calories, total_fat_g, total_carbohydrate_g, protein_g, annotation_layer, annotator_matric, annotator_name, annotated_at) VALUES (6, 'susu tepung full cream', 'ms/en', 'full cream milk powder', 'not mentioned', 'not_mentioned', '', 0.0, 0, 0, 0, 0, 0, 'layer2', 'B032110001', 'B032410580 Ahmad Faiz Fitri', '2026-06-22 00:00:00');
INSERT INTO ground_truth_ingredient (gt_reel_id, name_original, language_mentioned, name_en, quantity_expression, quantity_category, quantity_unit_culinary, quantity_value_culinary, estimated_weight_g, calories, total_fat_g, total_carbohydrate_g, protein_g, annotation_layer, annotator_matric, annotator_name, annotated_at) VALUES (6, 'telur', 'ms', 'egg', 'not mentioned', 'not_mentioned', '', 0.0, 0, 0, 0, 0, 0, 'layer2', 'B032110001', 'B032410580 Ahmad Faiz Fitri', '2026-06-22 00:00:00');
INSERT INTO ground_truth_ingredient (gt_reel_id, name_original, language_mentioned, name_en, quantity_expression, quantity_category, quantity_unit_culinary, quantity_value_culinary, estimated_weight_g, calories, total_fat_g, total_carbohydrate_g, protein_g, annotation_layer, annotator_matric, annotator_name, annotated_at) VALUES (6, 'vanila', 'ms', 'vanilla', 'not mentioned', 'not_mentioned', '', 0.0, 0, 0, 0, 0, 0, 'layer2', 'B032110001', 'B032410580 Ahmad Faiz Fitri', '2026-06-22 00:00:00');
INSERT INTO ground_truth_ingredient (gt_reel_id, name_original, language_mentioned, name_en, quantity_expression, quantity_category, quantity_unit_culinary, quantity_value_culinary, estimated_weight_g, calories, total_fat_g, total_carbohydrate_g, protein_g, annotation_layer, annotator_matric, annotator_name, annotated_at) VALUES (6, 'Cornflake', 'en', 'cornflakes', 'not mentioned', 'not_mentioned', '', 0.0, 0, 0, 0, 0, 0, 'layer2', 'B032110001', 'B032410580 Ahmad Faiz Fitri', '2026-06-22 00:00:00');
INSERT INTO ground_truth_ingredient (gt_reel_id, name_original, language_mentioned, name_en, quantity_expression, quantity_category, quantity_unit_culinary, quantity_value_culinary, estimated_weight_g, calories, total_fat_g, total_carbohydrate_g, protein_g, annotation_layer, annotator_matric, annotator_name, annotated_at) VALUES (6, 'dark chocolate chips', 'en', 'dark chocolate chips', 'not mentioned', 'not_mentioned', '', 0.0, 0, 0, 0, 0, 0, 'layer2', 'B032110001', 'B032410580 Ahmad Faiz Fitri', '2026-06-22 00:00:00');
INSERT INTO ground_truth_ingredient (gt_reel_id, name_original, language_mentioned, name_en, quantity_expression, quantity_category, quantity_unit_culinary, quantity_value_culinary, estimated_weight_g, calories, total_fat_g, total_carbohydrate_g, protein_g, annotation_layer, annotator_matric, annotator_name, annotated_at) VALUES (6, 'kekacang', 'ms', 'nuts', 'not mentioned', 'not_mentioned', '', 0.0, 0, 0, 0, 0, 0, 'layer2', 'B032110001', 'B032410580 Ahmad Faiz Fitri', '2026-06-22 00:00:00');
INSERT INTO ground_truth_ingredient (gt_reel_id, name_original, language_mentioned, name_en, quantity_expression, quantity_category, quantity_unit_culinary, quantity_value_culinary, estimated_weight_g, calories, total_fat_g, total_carbohydrate_g, protein_g, annotation_layer, annotator_matric, annotator_name, annotated_at) VALUES (7, 'whipping cream', 'en', 'whipping cream', '2.5 cup', 'culinary_measured', 'cawan', 2.5, 0, 0, 0, 0, 0, 'layer2', 'B032110001', 'B032410580 Ahmad Faiz Fitri', '2026-06-22 00:00:00');
INSERT INTO ground_truth_ingredient (gt_reel_id, name_original, language_mentioned, name_en, quantity_expression, quantity_category, quantity_unit_culinary, quantity_value_culinary, estimated_weight_g, calories, total_fat_g, total_carbohydrate_g, protein_g, annotation_layer, annotator_matric, annotator_name, annotated_at) VALUES (7, 'telur', 'ms', 'eggs', '3 biji', 'culinary_measured', 'biji', 3.0, 0, 0, 0, 0, 0, 'layer2', 'B032110001', 'B032410580 Ahmad Faiz Fitri', '2026-06-22 00:00:00');
INSERT INTO ground_truth_ingredient (gt_reel_id, name_original, language_mentioned, name_en, quantity_expression, quantity_category, quantity_unit_culinary, quantity_value_culinary, estimated_weight_g, calories, total_fat_g, total_carbohydrate_g, protein_g, annotation_layer, annotator_matric, annotator_name, annotated_at) VALUES (7, 'vanilla', 'ms', 'vanilla', '2 sudu teh', 'culinary_measured', 'sudu_kecil', 2.0, 0, 0, 0, 0, 0, 'layer2', 'B032110001', 'B032410580 Ahmad Faiz Fitri', '2026-06-22 00:00:00');
INSERT INTO ground_truth_ingredient (gt_reel_id, name_original, language_mentioned, name_en, quantity_expression, quantity_category, quantity_unit_culinary, quantity_value_culinary, estimated_weight_g, calories, total_fat_g, total_carbohydrate_g, protein_g, annotation_layer, annotator_matric, annotator_name, annotated_at) VALUES (7, 'garam', 'ms', 'salt', '1 sudu teh (implied)', 'culinary_measured', 'sudu_kecil', 1.0, 0, 0, 0, 0, 0, 'layer2', 'B032110001', 'B032410580 Ahmad Faiz Fitri', '2026-06-22 00:00:00');
INSERT INTO ground_truth_ingredient (gt_reel_id, name_original, language_mentioned, name_en, quantity_expression, quantity_category, quantity_unit_culinary, quantity_value_culinary, estimated_weight_g, calories, total_fat_g, total_carbohydrate_g, protein_g, annotation_layer, annotator_matric, annotator_name, annotated_at) VALUES (7, 'roti', 'ms', 'bread', 'not mentioned', 'not_mentioned', '', 0.0, 0, 0, 0, 0, 0, 'layer2', 'B032110001', 'B032410580 Ahmad Faiz Fitri', '2026-06-22 00:00:00');
INSERT INTO ground_truth_ingredient (gt_reel_id, name_original, language_mentioned, name_en, quantity_expression, quantity_category, quantity_unit_culinary, quantity_value_culinary, estimated_weight_g, calories, total_fat_g, total_carbohydrate_g, protein_g, annotation_layer, annotator_matric, annotator_name, annotated_at) VALUES (7, 'pisang', 'ms', 'banana', 'not mentioned', 'not_mentioned', '', 0.0, 0, 0, 0, 0, 0, 'layer2', 'B032110001', 'B032410580 Ahmad Faiz Fitri', '2026-06-22 00:00:00');
INSERT INTO ground_truth_ingredient (gt_reel_id, name_original, language_mentioned, name_en, quantity_expression, quantity_category, quantity_unit_culinary, quantity_value_culinary, estimated_weight_g, calories, total_fat_g, total_carbohydrate_g, protein_g, annotation_layer, annotator_matric, annotator_name, annotated_at) VALUES (7, 'peach', 'en', 'canned peaches', '420g', 'metric', 'g', 420.0, 0, 0, 0, 0, 0, 'layer2', 'B032110001', 'B032410580 Ahmad Faiz Fitri', '2026-06-22 00:00:00');
INSERT INTO ground_truth_ingredient (gt_reel_id, name_original, language_mentioned, name_en, quantity_expression, quantity_category, quantity_unit_culinary, quantity_value_culinary, estimated_weight_g, calories, total_fat_g, total_carbohydrate_g, protein_g, annotation_layer, annotator_matric, annotator_name, annotated_at) VALUES (7, 'biskut', 'ms', 'biscuits/cookies', 'setengah cawan', 'culinary_measured', 'cawan', 0.5, 0, 0, 0, 0, 0, 'layer2', 'B032110001', 'B032410580 Ahmad Faiz Fitri', '2026-06-22 00:00:00');
INSERT INTO ground_truth_ingredient (gt_reel_id, name_original, language_mentioned, name_en, quantity_expression, quantity_category, quantity_unit_culinary, quantity_value_culinary, estimated_weight_g, calories, total_fat_g, total_carbohydrate_g, protein_g, annotation_layer, annotator_matric, annotator_name, annotated_at) VALUES (8, 'mentega', 'ms', 'butter', 'not mentioned', 'not_mentioned', '', 0.0, 0, 0, 0, 0, 0, 'layer2', 'B032110001', 'B032410580 Ahmad Faiz Fitri', '2026-06-22 00:00:00');
INSERT INTO ground_truth_ingredient (gt_reel_id, name_original, language_mentioned, name_en, quantity_expression, quantity_category, quantity_unit_culinary, quantity_value_culinary, estimated_weight_g, calories, total_fat_g, total_carbohydrate_g, protein_g, annotation_layer, annotator_matric, annotator_name, annotated_at) VALUES (8, 'gula halus', 'ms', 'caster sugar', 'not mentioned', 'not_mentioned', '', 0.0, 0, 0, 0, 0, 0, 'layer2', 'B032110001', 'B032410580 Ahmad Faiz Fitri', '2026-06-22 00:00:00');
INSERT INTO ground_truth_ingredient (gt_reel_id, name_original, language_mentioned, name_en, quantity_expression, quantity_category, quantity_unit_culinary, quantity_value_culinary, estimated_weight_g, calories, total_fat_g, total_carbohydrate_g, protein_g, annotation_layer, annotator_matric, annotator_name, annotated_at) VALUES (8, 'tepung gandum', 'ms', 'wheat flour', 'not mentioned', 'not_mentioned', '', 0.0, 0, 0, 0, 0, 0, 'layer2', 'B032110001', 'B032410580 Ahmad Faiz Fitri', '2026-06-22 00:00:00');
INSERT INTO ground_truth_ingredient (gt_reel_id, name_original, language_mentioned, name_en, quantity_expression, quantity_category, quantity_unit_culinary, quantity_value_culinary, estimated_weight_g, calories, total_fat_g, total_carbohydrate_g, protein_g, annotation_layer, annotator_matric, annotator_name, annotated_at) VALUES (8, 'dark cocoa powder', 'en', 'dark cocoa powder', 'not mentioned', 'not_mentioned', '', 0.0, 0, 0, 0, 0, 0, 'layer2', 'B032110001', 'B032410580 Ahmad Faiz Fitri', '2026-06-22 00:00:00');
INSERT INTO ground_truth_ingredient (gt_reel_id, name_original, language_mentioned, name_en, quantity_expression, quantity_category, quantity_unit_culinary, quantity_value_culinary, estimated_weight_g, calories, total_fat_g, total_carbohydrate_g, protein_g, annotation_layer, annotator_matric, annotator_name, annotated_at) VALUES (8, 'cornflakes', 'en/ms', 'cornflakes', 'not mentioned', 'not_mentioned', '', 0.0, 0, 0, 0, 0, 0, 'layer2', 'B032110001', 'B032410580 Ahmad Faiz Fitri', '2026-06-22 00:00:00');
INSERT INTO ground_truth_ingredient (gt_reel_id, name_original, language_mentioned, name_en, quantity_expression, quantity_category, quantity_unit_culinary, quantity_value_culinary, estimated_weight_g, calories, total_fat_g, total_carbohydrate_g, protein_g, annotation_layer, annotator_matric, annotator_name, annotated_at) VALUES (8, 'Nutella', 'en', 'Nutella', 'not mentioned', 'not_mentioned', '', 0.0, 0, 0, 0, 0, 0, 'layer2', 'B032110001', 'B032410580 Ahmad Faiz Fitri', '2026-06-22 00:00:00');
INSERT INTO ground_truth_ingredient (gt_reel_id, name_original, language_mentioned, name_en, quantity_expression, quantity_category, quantity_unit_culinary, quantity_value_culinary, estimated_weight_g, calories, total_fat_g, total_carbohydrate_g, protein_g, annotation_layer, annotator_matric, annotator_name, annotated_at) VALUES (8, 'melted chocolate', 'en', 'melted chocolate', 'not mentioned', 'not_mentioned', '', 0.0, 0, 0, 0, 0, 0, 'layer2', 'B032110001', 'B032410580 Ahmad Faiz Fitri', '2026-06-22 00:00:00');
INSERT INTO ground_truth_ingredient (gt_reel_id, name_original, language_mentioned, name_en, quantity_expression, quantity_category, quantity_unit_culinary, quantity_value_culinary, estimated_weight_g, calories, total_fat_g, total_carbohydrate_g, protein_g, annotation_layer, annotator_matric, annotator_name, annotated_at) VALUES (8, 'hazelnut spread', 'en', 'hazelnut spread', 'not mentioned', 'not_mentioned', '', 0.0, 0, 0, 0, 0, 0, 'layer2', 'B032110001', 'B032410580 Ahmad Faiz Fitri', '2026-06-22 00:00:00');
INSERT INTO ground_truth_ingredient (gt_reel_id, name_original, language_mentioned, name_en, quantity_expression, quantity_category, quantity_unit_culinary, quantity_value_culinary, estimated_weight_g, calories, total_fat_g, total_carbohydrate_g, protein_g, annotation_layer, annotator_matric, annotator_name, annotated_at) VALUES (8, 'walnut', 'en', 'walnut', 'not mentioned', 'not_mentioned', '', 0.0, 0, 0, 0, 0, 0, 'layer2', 'B032110001', 'B032410580 Ahmad Faiz Fitri', '2026-06-22 00:00:00');
INSERT INTO ground_truth_ingredient (gt_reel_id, name_original, language_mentioned, name_en, quantity_expression, quantity_category, quantity_unit_culinary, quantity_value_culinary, estimated_weight_g, calories, total_fat_g, total_carbohydrate_g, protein_g, annotation_layer, annotator_matric, annotator_name, annotated_at) VALUES (8, 'almond', 'en', 'almond', 'not mentioned', 'not_mentioned', '', 0.0, 0, 0, 0, 0, 0, 'layer2', 'B032110001', 'B032410580 Ahmad Faiz Fitri', '2026-06-22 00:00:00');
INSERT INTO ground_truth_ingredient (gt_reel_id, name_original, language_mentioned, name_en, quantity_expression, quantity_category, quantity_unit_culinary, quantity_value_culinary, estimated_weight_g, calories, total_fat_g, total_carbohydrate_g, protein_g, annotation_layer, annotator_matric, annotator_name, annotated_at) VALUES (9, 'salted butter', 'ms/en', 'salted butter', 'not mentioned', 'not_mentioned', '', 0.0, 0, 0, 0, 0, 0, 'layer2', 'B032110001', 'B032410580 Ahmad Faiz Fitri', '2026-06-22 00:00:00');
INSERT INTO ground_truth_ingredient (gt_reel_id, name_original, language_mentioned, name_en, quantity_expression, quantity_category, quantity_unit_culinary, quantity_value_culinary, estimated_weight_g, calories, total_fat_g, total_carbohydrate_g, protein_g, annotation_layer, annotator_matric, annotator_name, annotated_at) VALUES (9, 'gula kaster', 'ms', 'caster sugar', 'not mentioned', 'not_mentioned', '', 0.0, 0, 0, 0, 0, 0, 'layer2', 'B032110001', 'B032410580 Ahmad Faiz Fitri', '2026-06-22 00:00:00');
INSERT INTO ground_truth_ingredient (gt_reel_id, name_original, language_mentioned, name_en, quantity_expression, quantity_category, quantity_unit_culinary, quantity_value_culinary, estimated_weight_g, calories, total_fat_g, total_carbohydrate_g, protein_g, annotation_layer, annotator_matric, annotator_name, annotated_at) VALUES (9, 'vanila', 'ms', 'vanilla', 'not mentioned', 'not_mentioned', '', 0.0, 0, 0, 0, 0, 0, 'layer2', 'B032110001', 'B032410580 Ahmad Faiz Fitri', '2026-06-22 00:00:00');
INSERT INTO ground_truth_ingredient (gt_reel_id, name_original, language_mentioned, name_en, quantity_expression, quantity_category, quantity_unit_culinary, quantity_value_culinary, estimated_weight_g, calories, total_fat_g, total_carbohydrate_g, protein_g, annotation_layer, annotator_matric, annotator_name, annotated_at) VALUES (9, 'marjerin', 'ms', 'margarine', 'not mentioned', 'not_mentioned', '', 0.0, 0, 0, 0, 0, 0, 'layer2', 'B032110001', 'B032410580 Ahmad Faiz Fitri', '2026-06-22 00:00:00');
INSERT INTO ground_truth_ingredient (gt_reel_id, name_original, language_mentioned, name_en, quantity_expression, quantity_category, quantity_unit_culinary, quantity_value_culinary, estimated_weight_g, calories, total_fat_g, total_carbohydrate_g, protein_g, annotation_layer, annotator_matric, annotator_name, annotated_at) VALUES (9, 'tepung gandum', 'ms', 'wheat flour', 'not mentioned', 'not_mentioned', '', 0.0, 0, 0, 0, 0, 0, 'layer2', 'B032110001', 'B032410580 Ahmad Faiz Fitri', '2026-06-22 00:00:00');
INSERT INTO ground_truth_ingredient (gt_reel_id, name_original, language_mentioned, name_en, quantity_expression, quantity_category, quantity_unit_culinary, quantity_value_culinary, estimated_weight_g, calories, total_fat_g, total_carbohydrate_g, protein_g, annotation_layer, annotator_matric, annotator_name, annotated_at) VALUES (9, 'dark cocoa powder', 'en', 'dark cocoa powder', 'not mentioned', 'not_mentioned', '', 0.0, 0, 0, 0, 0, 0, 'layer2', 'B032110001', 'B032410580 Ahmad Faiz Fitri', '2026-06-22 00:00:00');
INSERT INTO ground_truth_ingredient (gt_reel_id, name_original, language_mentioned, name_en, quantity_expression, quantity_category, quantity_unit_culinary, quantity_value_culinary, estimated_weight_g, calories, total_fat_g, total_carbohydrate_g, protein_g, annotation_layer, annotator_matric, annotator_name, annotated_at) VALUES (9, 'susu tepung full cream', 'ms/en', 'full cream milk powder', 'not mentioned', 'not_mentioned', '', 0.0, 0, 0, 0, 0, 0, 'layer2', 'B032110001', 'B032410580 Ahmad Faiz Fitri', '2026-06-22 00:00:00');
INSERT INTO ground_truth_ingredient (gt_reel_id, name_original, language_mentioned, name_en, quantity_expression, quantity_category, quantity_unit_culinary, quantity_value_culinary, estimated_weight_g, calories, total_fat_g, total_carbohydrate_g, protein_g, annotation_layer, annotator_matric, annotator_name, annotated_at) VALUES (9, 'baking soda', 'en', 'baking soda', 'not mentioned', 'not_mentioned', '', 0.0, 0, 0, 0, 0, 0, 'layer2', 'B032110001', 'B032410580 Ahmad Faiz Fitri', '2026-06-22 00:00:00');
INSERT INTO ground_truth_ingredient (gt_reel_id, name_original, language_mentioned, name_en, quantity_expression, quantity_category, quantity_unit_culinary, quantity_value_culinary, estimated_weight_g, calories, total_fat_g, total_carbohydrate_g, protein_g, annotation_layer, annotator_matric, annotator_name, annotated_at) VALUES (9, 'cornflakes', 'en', 'cornflakes', 'not mentioned', 'not_mentioned', '', 0.0, 0, 0, 0, 0, 0, 'layer2', 'B032110001', 'B032410580 Ahmad Faiz Fitri', '2026-06-22 00:00:00');
INSERT INTO ground_truth_ingredient (gt_reel_id, name_original, language_mentioned, name_en, quantity_expression, quantity_category, quantity_unit_culinary, quantity_value_culinary, estimated_weight_g, calories, total_fat_g, total_carbohydrate_g, protein_g, annotation_layer, annotator_matric, annotator_name, annotated_at) VALUES (9, 'kekacang', 'ms', 'nuts', 'not mentioned', 'not_mentioned', '', 0.0, 0, 0, 0, 0, 0, 'layer2', 'B032110001', 'B032410580 Ahmad Faiz Fitri', '2026-06-22 00:00:00');
INSERT INTO ground_truth_ingredient (gt_reel_id, name_original, language_mentioned, name_en, quantity_expression, quantity_category, quantity_unit_culinary, quantity_value_culinary, estimated_weight_g, calories, total_fat_g, total_carbohydrate_g, protein_g, annotation_layer, annotator_matric, annotator_name, annotated_at) VALUES (9, 'melted chocolate', 'en', 'melted chocolate', 'not mentioned', 'not_mentioned', '', 0.0, 0, 0, 0, 0, 0, 'layer2', 'B032110001', 'B032410580 Ahmad Faiz Fitri', '2026-06-22 00:00:00');
INSERT INTO ground_truth_ingredient (gt_reel_id, name_original, language_mentioned, name_en, quantity_expression, quantity_category, quantity_unit_culinary, quantity_value_culinary, estimated_weight_g, calories, total_fat_g, total_carbohydrate_g, protein_g, annotation_layer, annotator_matric, annotator_name, annotated_at) VALUES (9, '7g per piece', '-', '-', '7g', 'metric', 'g', 7.0, 0, 0, 0, 0, 0, 'layer2', 'B032110001', 'B032410580 Ahmad Faiz Fitri', '2026-06-22 00:00:00');
INSERT INTO ground_truth_ingredient (gt_reel_id, name_original, language_mentioned, name_en, quantity_expression, quantity_category, quantity_unit_culinary, quantity_value_culinary, estimated_weight_g, calories, total_fat_g, total_carbohydrate_g, protein_g, annotation_layer, annotator_matric, annotator_name, annotated_at) VALUES (10, 'gula', 'ms', 'sugar', 'not mentioned', 'not_mentioned', '', 0.0, 0, 0, 0, 0, 0, 'layer2', 'B032110001', 'B032410580 Ahmad Faiz Fitri', '2026-06-22 00:00:00');
INSERT INTO ground_truth_ingredient (gt_reel_id, name_original, language_mentioned, name_en, quantity_expression, quantity_category, quantity_unit_culinary, quantity_value_culinary, estimated_weight_g, calories, total_fat_g, total_carbohydrate_g, protein_g, annotation_layer, annotator_matric, annotator_name, annotated_at) VALUES (10, 'coklat', 'ms', 'chocolate', 'not mentioned', 'not_mentioned', '', 0.0, 0, 0, 0, 0, 0, 'layer2', 'B032110001', 'B032410580 Ahmad Faiz Fitri', '2026-06-22 00:00:00');
INSERT INTO ground_truth_ingredient (gt_reel_id, name_original, language_mentioned, name_en, quantity_expression, quantity_category, quantity_unit_culinary, quantity_value_culinary, estimated_weight_g, calories, total_fat_g, total_carbohydrate_g, protein_g, annotation_layer, annotator_matric, annotator_name, annotated_at) VALUES (10, 'marshmallow', 'en', 'marshmallow', 'not mentioned', 'not_mentioned', '', 0.0, 0, 0, 0, 0, 0, 'layer2', 'B032110001', 'B032410580 Ahmad Faiz Fitri', '2026-06-22 00:00:00');
INSERT INTO ground_truth_ingredient (gt_reel_id, name_original, language_mentioned, name_en, quantity_expression, quantity_category, quantity_unit_culinary, quantity_value_culinary, estimated_weight_g, calories, total_fat_g, total_carbohydrate_g, protein_g, annotation_layer, annotator_matric, annotator_name, annotated_at) VALUES (10, 'chocolate chip', 'en', 'chocolate chips', 'not mentioned', 'not_mentioned', '', 0.0, 0, 0, 0, 0, 0, 'layer2', 'B032110001', 'B032410580 Ahmad Faiz Fitri', '2026-06-22 00:00:00');